YEAR,BARLEY_ACRES,BARLEY_$,BARLEY_BU  ,BARLEY_BU_ACRE,BARLEY_$_ACRE,BARLEY_CALC_ACRES,CORN_ACRES,CORN_$,CORN_BU  ,CORN_BU_ACRE,CORN_$_ACRE,CORN_CALC_ACRES,COTTON_ACRES,COTTON_$,COTTON_LB,COTTON_LB_ACRE,COTTON_$_ACRE,COTTON_CALC_ACRES,HAY_ACRES,HAY_$,HAY_T   ,HAY_T_ACRE,HAY_$_ACRE,HAY_CALC_ACRES,OATS_ACRES,OATS_$,OATS_BU  ,OATS_BU_ACRE,OATS_$_ACRE,OATS_CALC_ACRES,PEANUTS_ACRES,PEANUTS_$,PEANUTS_LB,PEANUTS_LB_ACRE,PEANUTS_$_ACRE,PEANUTS_CALC_ACRES,"PEPPERS, BELL_ACRES","PEPPERS, BELL_$","PEPPERS, BELL_CWT","PEPPERS, BELL_CWT_ACRE","PEPPERS,BELL_$_ACRE",PEPPERS_CALC_ACRES,SOYBEANS_ACRES,SOYBEANS_$,SOYBEANS_BU  ,SOYBEANS_BU_ACRE,SOYBEANS_$_ACRE,SOYBEANS_CALC_ACRES,SQUASH_ACRES,SQUASH_$,SQUASH_CWT,SQUASH_CWT_ACRE,SQUASH_$_ACRE,SQUASH_CALC_ACRES,SWEET_ACRES,SWEET_$,SWEET_CWT,SWEET_CWT_ACRE,SWEET_$_ACRE,SWEET_CALC_ACRES,TOBACCO_ACRES,TOBACCO_$,TOBACCO_LB,TOBACCO_LB_ACRE,TOBACCO_$_ACRE,TOBACCO_CALC_ACRES,WHEAT_ACRES,WHEAT_$,WHEAT_BU  ,WHEAT_BU_ACRE,WHEAT_$_ACRE,WHEAT_CALC_ACRES
1866,,,,,,,,,15912000,9.5,,1674947.368,,,109000,124,,879.0322581,,,,,,,,,2470000,13,,190000,,,,,,,,,,,,,,,,,,,,,,,,,,,,,,,16000,1568000,7840000,490,98,16000,,,1800000,6,,300000
1867,,,,,,,,,19838000,11.5,,1725043.478,,,162000,129,,1255.813953,,,,,,,,,2400000,12,,200000,,,,,,,,,,,,,,,,,,,,,,,,,,,,,,,19000,1550000,9120000,480,81.57894737,19000,,,2240000,7,,320000
1868,,,,,,,,,25650000,13.5,,1900000,,,139000,162,,858.0246914,,,,,,,,,3308000,13.5,,245037.037,,,,,,,,,,,,,,,,,,,,,,,,,,3263000,2016000,52,84.16468254,38769.23077,20000,1536000,9200000,460,76.8,20000,,,2250000,6,,375000
1869,,,,,,,,,19000000,10,,1900000,,,145000,139,,1043.165468,,,,,,,,,3510000,13.5,,260000,,,,,,,,,,,,,,,,,,,,,,,,,,2706000,1691000,41,65.6096984,41243.90244,26000,1509000,11180000,430,58.03846154,26000,,,2925000,7.5,,390000
1870,,,,,,,,,26245000,14.5,,1810000,,,195000,180,,1083.333333,,,,,,,,,3640000,13,,280000,,,,,,,,,,,,,,,,,,,,,,,,,,2967000,2435000,59,71.89034908,41271.18644,32000,2346000,16640000,520,73.3125,32000,,,2870000,7,,410000
1871,,,,,,,,,22885000,11.5,,1990000,,,148000,147,,1006.802721,,,,,,,,,2360000,8,,295000,,,,,,,,,,,,,,,,,,,,,,,,,,2427000,1963000,46,56.87315334,42673.91304,34000,1422000,13940000,410,41.82352941,34000,,,1890000,4.5,,420000
1872,,,,,,,,,27300000,14,,1950000,,,181000,152,,1190.789474,,,,,,,,,4185000,13.5,,310000,,,,,,,,,,,,,,,,,,,,,,,,,,2323000,2323000,53,53,43830.18868,41000,2009000,20090000,490,49,41000,,,3080000,7,,440000
1873,,,,,,,,,24310000,13,,1870000,,,199000,138,,1442.028986,,,,,,,,,4125000,12.5,,330000,,,,,,,,,,,,,,,,,,,,,,,,,,2646000,2426000,54,58.89694971,44925.92593,44000,1861000,20680000,470,42.29545455,44000,,,2250000,5,,450000
1874,,,,,,,,,25480000,13,,1960000,,,232000,169,,1372.781065,,,,,,,,,3468000,9.5,,365052.6316,,,,,,,,,,,,,,,,,,,,,,,,,,2694000,2429000,53,58.7822149,45830.18868,35000,2464000,15400000,440,70.4,35000,,,3152000,6.5,,484923.0769
1875,,,,,,,,,26865000,13.5,,1990000,,,197000,135,,1459.259259,,,,,,,,,4125000,11,,375000,,,,,,,,,,,,,,,,,,,,,,,,,,2775000,2587000,54,57.92423657,47907.40741,52000,2472000,25480000,490,47.53846154,52000,,,3605000,7,,515000
1876,,,,,,,,,25625000,12.5,,2050000,,,212000,136,,1558.823529,,,,,,,,,4095000,10.5,,390000,,,,,,,,,,,,,,,,,,,,,,,,,,,2695000,54,,49907.40741,29000,1239000,13920000,480,42.72413793,29000,,,3210000,6,,535000
1877,,,,,,,,,29430000,13.5,,2180000,,,264000,165,,1600,,,,,,,,,5188000,12.5,,415040,,,,,,,,,,,,,,,,,,,,,,,,,,,2721000,53,,51339.62264,48000,1286000,22560000,470,26.79166667,48000,,,4340000,7,,620000
1878,,,,,,,,,27960000,12,,2330000,,,215000,124,,1733.870968,,,,,,,,,5280000,11,,480000,,,,,,,,,,,,,,,,,,,,,,,,,,,2828000,53,,53358.49057,49000,1352000,22540000,460,27.59183673,49000,,,3150000,5,,630000
1879,,,,,,,,,28121000,12.2,,2305000,,,390000,198,,1969.69697,,,,,,,,,5650000,11.3,,500000,,,,,,,,,,,,,,,,,,,,,,,,,,2249000,2524000,50,44.55229794,50480,57000,1883000,26904000,472,33.03508772,57000,,,3429000,5.3,,646981.1321
1880,,,,,,,,,30510000,13.5,,2260000,,,428000,201,,2129.353234,,,,,,,,,4208000,8.5,,495058.8235,,,,,,,,,,,,,,,,,,,,,,,,,,2340000,2860000,55,45,52000,67000,2774000,30820000,460,41.40298507,67000,,,3420000,4.5,,760000
1881,,,,,,,,,20995000,9.5,,2210000,,,380000,161,,2360.248447,,,,,,,,,4850000,10,,485000,,,,,,,,,,,,,,,,,,,,,,,,,,,2116000,41,,51609.7561,63000,3062000,22680000,360,48.6031746,63000,,,3250000,5,,650000
1882,,,,,,,,,31920000,14,,2280000,,,463000,228,,2030.701754,,,,,,,,,7280000,14,,520000,,,,,,,,,,,,,,,,,,,,,,,,,,2479000,3029000,56,45.8316276,54089.28571,75000,4500000,37500000,500,60,75000,,,4875000,6.5,,750000
1883,,,,,,,,,23000000,10,,2300000,,,399000,186,,2145.16129,,,,,,,,,5198000,10.5,,495047.619,,,,,,,,,,,,,,,,,,,,,,,,,,2241000,2680000,48,40.13731343,55833.33333,67000,2848000,22780000,340,42.50746269,67000,,,3800000,5,,760000
1884,,,,,,,,,29062000,12.5,,2324960,,,404000,184,,2195.652174,,,,,,,,,5808000,11.5,,505043.4783,,,,,,,,,,,,,,,,,,,,,,,,,,2334000,2791000,47,39.30419205,59382.97872,83000,4009000,34860000,420,48.30120482,83000,,,5200000,6.5,,800000
1885,,,,,,,,,25850000,11,,2350000,,,407000,179,,2273.743017,,,,,,,,,4655000,9.5,,490000,,,,,,,,,,,,,,,,,,,,,,,,,,2326000,3120000,51,38.02115385,61176.47059,95000,4229000,39900000,420,44.51578947,95000,,,2840000,4,,710000
1886,,,,,,,,,25200000,10.5,,2400000,,,369000,160,,2306.25,,,,,,,,,5720000,11,,520000,,,,,,,,,,,,,,,,,,,,,,,,,,2505000,3360000,52,38.76785714,64615.38462,101000,3550000,37370000,370,35.14851485,101000,,,3218000,4.5,,715111.1111
1887,,,,,,,,,32110000,13,,2470000,,,446000,191,,2335.078534,,,,,,,,,6360000,12,,530000,,,,,,,,,,,,,,,,,,,,,,,,,,2719000,3478000,51,39.87032777,68196.07843,90000,3645000,36450000,405,40.5,90000,,,5180000,7,,740000
1888,,,,,,,,,25935000,10.5,,2470000,,,365000,157,,2324.840764,,,,,,,,,4988000,9.5,,525052.6316,,,,,,,,,,,,,,,,,,,,,,,,,,2829000,3619000,52,40.64879801,69596.15385,92000,2576000,32200000,350,28,92000,,,3932000,5.5,,714909.0909
1889,,,,,,,,,25833000,10.9,,2370000,,,336000,140,,2400,,,,,,,,,5691000,10.5,,542000,,,,,,,,,,,,,,,,,,,,,,,,,,2446000,3128000,43,33.62468031,72744.18605,97000,4001000,36375000,375,41.24742268,97000,,,4672000,6.4,,730000
1890,,,,,,,,,31460000,13,,2420000,,,489000,198,,2469.69697,,,,,,,,,4680000,9,,520000,,,,,,,,,,,,,,,,,,,,,,,,,,2605000,3582000,48,34.9078727,74625,115000,6198000,56350000,490,53.89565217,115000,,,3218000,4.5,,715111.1111
1891,,,,,,,,,31590000,13,,2430000,,,416000,179,,2324.022346,,,,,,,,,5092000,10.5,,484952.381,,,,,,,,,,,,,,,,,,,,,,,,,,2673000,3341000,45,36.0026938,74244.44444,135000,5443000,56700000,420,40.31851852,135000,,,5110000,7,,730000
1892,,,,,,,,,28600000,11,,2600000,,,302000,161,,1875.776398,,,,,,,,,5880000,12,,490000,,,,,,,,,,,,,,,,,,,,,,,,,,,3052000,41,,74439.02439,155000,6479000,68200000,440,41.8,155000,,,6000000,8,,750000
1893,,,,,,,,,28710000,11,,2610000,,,400000,193,,2072.53886,,,,,,,,,6440000,14,,460000,,,,,,,,,,,,,,,,,,,,,,,,,,,3302000,48,,68791.66667,165000,5544000,69300000,420,33.6,165000,,,6502000,8.5,,764941.1765
1894,,,,,,,,,39750000,15,,2650000,,,475000,214,,2219.626168,,,,,,,,,4730000,11,,430000,,,,,,,,,,,,,,,,,,,,,,,,,,2180000,3241000,46,30.94106757,70456.52174,146000,7884000,87600000,600,54,146000,,,3675000,5,,735000
1895,,,,,,,,,38080000,14,,2720000,,,398000,188,,2117.021277,,,,,,,,,5530000,14,,395000,,,,,,,,,,,,,,,,,,,,,,,,,,2602000,2650000,40,39.2754717,66250,163000,9372000,101875000,625,57.49693252,163000,,,5840000,8,,730000
1896,,,,,,,,,33500000,12.5,,2680000,,,522000,213,,2450.704225,,,,,,,,,4380000,12,,365000,,,,,,,,,,,,,,,,,,,,,,,,,,1632000,2805000,41,23.85454545,68414.63415,180000,6624000,82800000,460,36.8,180000,,,4725000,7,,675000
1897,,,,,,,,,35640000,13.5,,2640000,,,647000,254,,2547.244094,,,,,,,,,4712000,14.5,,324965.5172,,,,,,,,,,,,,,,,,,,,,,,,,,2027000,3280000,49,30.28140244,66938.77551,170000,7378000,105400000,620,43.4,170000,,,5992000,8.5,,704941.1765
1898,,,,,,,,,38860000,14.5,,2680000,,,635000,271,,2343.173432,,,,,,,,,4340000,14,,310000,,,,,,,,,,,,,,,,,,,,,,,,,,,3150000,46,,68478.26087,188000,9099000,113740000,605,48.39893617,188000,,,6630000,8.5,,780000
1899,,,,,,,,,34893000,12.8,,2726015.625,,,440000,209,,2105.263158,,,,,,,,,2981000,11,,271000,,,,,,,,,,,,,,,,,,,,,,,,,,2318000,3188000,46,33.44667503,69304.34783,203000,8414000,127484000,628,41.44827586,203000,,,4333000,5.8,,747068.9655
1900,,,,,,,,,32400000,12,,2700000,,,477000,230,,2073.913043,,,,,,,,,3510000,13.5,,260000,,,,,,,,,,,,,,,,,,,,,,,,,,1793000,2348000,34,25.96337308,69058.82353,205000,8323000,118900000,580,40.6,205000,,,6800000,8.5,,800000
1901,,,,,,,,,29555000,11.5,,2570000,,,416000,180,,2311.111111,,,,,,,,,3640000,14,,260000,,,,,,,,,,,,,,,,,,,,,,,,,,2874000,3436000,48,40.14901048,71583.33333,210000,11340000,126000000,600,54,210000,,,6400000,8,,800000
1902,,,,,,,,,36045000,13.5,,2670000,,,550000,245,,2244.897959,,,,,,,,,3000000,12,,250000,,,,,,,,,,,,,,,,,,,,,,,,,,2948000,3524000,49,40.99091941,71918.36735,235000,10692000,152750000,650,45.49787234,235000,,,3750000,5,,750000
1903,,,,,,,,,35560000,14,,2540000,,,529000,217,,2437.788018,,,,,,,,,2640000,11,,240000,,,,,,,,,,,,,,,,,,,,,,,,,,3308000,4042000,54,44.19396338,74851.85185,240000,9374000,148800000,620,39.05833333,240000,,,3675000,5,,735000
1904,,,,,,,,,38100000,15,,2540000,,,704000,247,,2850.202429,,,,,,,,,3375000,15,,225000,,,,,,,,,,,,,,,,,,,,,,,,,,3850000,4235000,55,50,77000,172000,9467000,110080000,640,55.04069767,172000,,,4880000,8,,610000
1905,,,,,,,,,33885000,13.5,,2510000,,,619000,238,,2600.840336,,,,,,,,,3450000,15,,230000,,,,,,,,,,,,,,,,,,,,,,,,,,3959000,4633000,59,50.41679258,78525.42373,170000,9275000,105400000,620,54.55882353,170000,,,3600000,6,,600000
1906,,,,,,,,,37350000,15,,2490000,,,579000,208,,2783.653846,,,,,,,,,3525000,15,,235000,,,,,,,,,,,,,,,,,,,,,,,,,,3720000,4092000,51,46.36363636,80235.29412,160000,9600000,96000000,600,60,160000,,,4125000,7.5,,550000
1907,,,,,,,,,37820000,15.5,,2440000,,,605000,222,,2725.225225,,,,,,,,,3525000,15,,235000,,,,,,,,,,,,,,,,,,,,,,,,,,4831000,4428000,53,57.8236224,83547.16981,175000,12416000,112875000,645,70.94857143,175000,,,3840000,8,,480000
1908,,,,,,,,,35380000,14.5,,2440000,,,647000,259,,2498.069498,,,,,,,,,3220000,14,,230000,,,,,,,,,,,,,,,,,,,,,,,,,,4452000,4620000,55,53,84000,200000,13545000,129000000,645,67.725,200000,,,3600000,8,,450000
1909,,,,,,,,,34086000,13.8,,2470000,1235000,,601000,239,,2514.644351,520000,,448000,0.86,,520930.2326,,,2964000,13,,228000,195000,,121500000,675,,180000,,,,,,,,,,,,,,,,,,,,5780000,4675000,55,68,85000,222000,13202000,138972000,626,59.46846847,222000,511000,,3815000,7.6,,501973.6842
1910,,,,,,,,,44100000,17.5,,2520000,1274000,,706000,269,,2624.535316,520000,,482000,0.93,,518279.5699,,,3255000,15.5,,210000,165000,,136400000,880,,155000,,,,,,,,,,,,,,,,,,,,5624000,4759000,57,67.36036983,83491.22807,225000,14548000,137250000,610,64.65777778,225000,554000,,5082000,9.5,,534947.3684
1911,,,,,,,,,40260000,16.5,,2440000,1529000,,1076000,342,,3146.19883,515000,,398000,0.77,,516883.1169,,,2665000,13,,205000,165000,,119350000,770,,155000,,,,,,,,,,,,,,,,,,,,5544000,3812000,50,72.71773347,76240,176000,12556000,108240000,615,71.34090909,176000,551000,,4770000,9,,530000
1912,,,,,,,,,36600000,15,,2440000,1393000,,865000,299,,2892.976589,518000,,503000,0.97,,518556.701,,,2868000,15.5,,185032.2581,160000,,122250000,815,,150000,,,,,,,,,,,,,,,,,,,,5472000,3960000,53,73.23636364,74716.98113,220000,22000000,137500000,625,100,220000,522000,,3788000,7.5,,505066.6667
1913,,,,,,,,,42840000,18,,2380000,1392000,,792000,274,,2890.510949,544000,,526000,0.97,,542268.0412,,,2970000,16.5,,180000,150000,,126000000,900,,140000,,,,,,,,,,,,,,,,,,,,5888000,4436000,60,79.6393147,73933.33333,260000,32227000,174200000,670,123.95,260000,518000,,5050000,10,,505000
1914,,,,,,,,,42365000,18.5,,2290000,1379000,,930000,325,,2861.538462,547000,,448000,0.82,,546341.4634,,,2538000,14.5,,175034.4828,165000,,129425000,835,,155000,,,,,,,,,,,,,,,,,,,,5405000,3812000,54,76.56610703,70592.59259,265000,19047000,165625000,625,71.8754717,265000,524000,,5355000,10.5,,510000
1915,,,,,,,,,45030000,19,,2370000,1216000,,699000,278,,2514.388489,543000,,624000,1.15,,542608.6957,,,3240000,18,,180000,185000,,140180000,815,,172000,,,,,,,,,,,,,,,,,,,,5905000,4640000,63,80.17564655,73650.79365,320000,23475000,209600000,655,73.359375,320000,557000,,5082000,9.5,,534947.3684
1916,,,,,,,,,37620000,16.5,,2280000,1499000,,654000,213,,3070.422535,536000,,466000,0.87,,535632.1839,,,2625000,15,,175000,205000,,177450000,910,,195000,,,,,,,,,,,,,,,,,,,,6723000,4455000,59,89.03636364,75508.47458,320000,40640000,203200000,635,127,320000,538000,,4770000,9,,530000
1917,,,,,,,,,50200000,20,,2510000,1484000,,616000,203,,3034.482759,531000,,515000,0.97,,530927.8351,,,2295000,13.5,,170000,163000,,145350000,950,,153000,,,,,,,,,,,,,,,,,,,,9603000,4633000,59,122.2916037,78525.42373,380000,81994000,260300000,685,215.7736842,380000,611000,,4950000,9,,550000
1918,,,,,,,,,47190000,19.5,,2420000,1457000,,896000,296,,3027.027027,583000,,592000,1.02,,580392.1569,,,2538000,14.5,,175034.4828,145000,,139400000,1025,,136000,,,,,,,,,,,,,,,,,,,,11411000,4389000,63,163.7942584,69666.66667,460000,113022000,322000000,700,245.7,460000,641000,,4396000,7,,628000
1919,,,,,,,,,41598000,18,,2311000,1372000,,828000,293,,2825.938567,633000,,599000,0.95,,630526.3158,,,2380000,14,,170000,135000,,141624000,1124,,126000,,,,,,,,,,,,,,,,,,,,12760000,4414000,59,170.5573176,74813.55932,524000,157778000,320688000,612,301.1030534,524000,627000,,4968000,8,,621000
1920,,,,,,,,,45038000,20.5,,2196975.61,1443000,,923000,310,,2977.419355,601000,,585000,0.97,,603092.7835,,,2343000,16.5,,142000,135000,,127386000,1011,,126000,,,,,,,,,,,,,,,,,,,,9261000,3718000,57,141.978752,65228.07018,625000,88530000,425625000,681,141.648,625000,528000,,5428000,10.5,,516952.381
1921,,,,,,,,,39288000,17.5,,2245028.571,1281000,,774000,292,,2650.684932,628000,,696000,1.11,,627027.027,,,3420000,18,,190000,150000,,142410000,1010,,141000,,,,,,,,,,,,,,,,,,,,7700000,3416000,50,112.704918,68320,417000,60788000,248115000,595,145.7745803,417000,463000,,3178000,7,,454000
1922,,,,,,,,,38887000,18.5,,2102000,1464000,,849000,283,,3000,753000,,839000,1.11,,755855.8559,,,3264000,17,,192000,155000,,130500000,900,,145000,,,,,,,,,,,,,,,,,,,,8299000,4475000,62,114.9805587,72177.41935,447000,74984000,272670000,610,167.7494407,447000,435000,,3424000,8,,428000
1923,,,,,,,,,43091000,20.5,,2102000,1484000,,1015000,328,,3094.512195,732000,,826000,1.13,,730973.4513,,,3690000,18,,205000,170000,,176000000,1100,,160000,,,,,,,,,,,,,,,,,,,,7762000,3812000,58,118.0996852,65724.13793,548000,82581000,398944000,728,150.6952555,548000,404000,,3960000,10,,396000
1924,,,90000,18,,5000,,,31984000,16,,1999000,1786000,,821000,226,,3632.743363,711000,,575000,0.81,,709876.5432,,,3360000,16,,210000,205000,,180500000,950,,190000,,,,,,,120000,,1162000,15.5,,74967.74194,,,,,,,,7074000,2970000,50,119.0909091,59400,477000,63064000,279045000,585,132.2096436,477000,363000,,3795000,11,,345000
1925,,,126000,18,,7000,,,34748000,17,,2044000,1825000,,1097000,291,,3769.75945,636000,,404000,0.64,,631250,,,3193000,15.5,,206000,210000,,218500000,1150,,190000,,,,,,,140000,,1160000,14.5,,80000,,,,,,,65000,8366000,3218000,50,129.9875699,64360,540000,84188000,375840000,696,155.9037037,540000,329000,,3402000,10.5,,324000
1926,9000,,180000,20,,9000,2110000,,36846000,18,,2047000,1817000,,1208000,320,,3775,673000,,559000,0.83,,673493.9759,,,2850000,15,,190000,209000,,200850000,1030,,195000,,,,,,,160000,,1062000,12.5,,84960,,,,,,,,6880000,3153000,50,109.1024421,63060,550000,97053000,380600000,692,176.46,550000,381000,,4290000,11.5,,373043.4783
1927,11000,,204000,18.5,,11027.02703,2088000,,38266000,19,,2014000,1581000,,858000,262,,3274.80916,767000,,623000,0.81,,769135.8025,,,2588000,15.5,,166967.7419,234000,,220500000,1050,,210000,,,,,,,140000,,1200000,15,,80000,,,,,,,,7866000,4326000,63,114.5533981,68666.66667,642000,100820000,484710000,755,157.0404984,642000,392000,,3610000,9.5,,380000
1928,16000,,288000,18,,16000,2046000,,33932000,17,,1996000,1648000,,832000,245,,3395.918367,667000,,556000,0.83,,669879.5181,,,2352000,16,,147000,218000,,210000000,1050,,200000,,,,,,,150000,,1080000,13.5,,80000,,,,,,,,6501000,3342000,54,105.043088,61888.88889,716000,94140000,495472000,692,131.4804469,716000,388000,,3790000,10.5,,360952.381
1929,20000,,342000,18,,19000,2000000,,35948000,19,,1892000,1665000,,743000,217,,3423.963134,658000,,547000,0.83,,659036.1446,218000,,3192000,19,,168000,242000,,224400000,1020,,220000,,,,,,,170000,,1058000,11.5,,92000,,,,,,,61000,6771000,3724000,61,110.91058,61049.18033,734800,90333000,488651000,665,122.9332284,734813.5338,360000,,3636000,10.3,,353009.7087
1930,24000,,402000,17.5,,22971.42857,2256000,,38754000,18,,2153000,1460000,,771000,254,,3035.433071,693000,,512000,0.74,,691891.8919,239000,,3441000,18.5,,186000,226000,,178350000,870,,205000,,,,,,,230000,,1344000,10.5,,128000,,,,,,,79000,6754000,3910000,50,86.36828645,78200,775200,75584000,586600000,757,97.54021139,774900.9247,277000,,2862000,10.8,,265000
1931,28000,,520000,20,,26000,2357000,,43054000,19,,2266000,1213000,,752000,298,,2523.489933,808000,,703000,0.87,,808045.977,264000,,4715000,23,,205000,269000,,275000000,1100,,250000,,,,,,,240000,,1809000,13.5,,134000,,,,,,,92000,4753000,4149000,45,51.55097614,92200,695600,42488000,481423000,692,61.07247888,695697.9769,363000,,4654000,13,,358000
1932,18000,,255000,15,,17000,2353000,,33300000,15,,2220000,1261000,,660000,252,,2619.047619,889000,,616000,0.69,,892753.6232,273000,,4161000,19,,219000,279000,,229500000,900,,255000,,,,,,,230000,,1150000,10,,115000,,,,,,,101000,4035000,4722000,47,40.16200762,100468.0851,469000,35675000,293528000,626,76.0832016,468894.5687,426000,,4009000,9.5,,422000
1933,15000,,245000,17.5,,14000,2423000,,41760000,18,,2320000,1302000,,684000,305,,2242.622951,803000,,621000,0.77,,806493.5065,282000,,3680000,16.5,,223030.303,212000,,180500000,950,,190000,,,,,,,205000,,1026000,9.5,,108000,,,,,,,95000,5478000,4859000,51,57.49701585,95274.5098,677000,86245000,537355000,794,127.4362944,676769.5214,452000,,4208000,9.5,,442947.3684
1934,12000,,198000,18,,11000,2454000,,41002000,17.5,,2342971.429,980000,,631000,311,,2028.938907,981000,,820000,0.84,,976190.4762,277000,,4104000,18,,228000,252000,,252280000,1060,,238000,,,,,,,220000,,1176000,10.5,,112000,,,,,,,96000,6889000,5491000,57,71.51211073,96333.33333,492000,118808000,416840000,847,241.4124748,492136.954,509000,,4910000,9.9,,495959.596
1935,10000,,180000,20,,9000,2494000,,45923000,19,,2417000,939000,,572000,294,,1945.578231,972000,,864000,0.89,,970786.5169,281000,,5592000,24,,233000,240000,,252000000,1125,,224000,,,,,,,220000,,1438000,12.5,,115040,,,,,,,90000,6300000,4950000,55,70,90000,617700,117443000,577435000,935,190.1672136,617577.5401,525000,,5876000,11.3,,520000
1936,10000,,162000,18,,9000,2376000,,42809000,18.5,,2314000,973000,,597000,298,,2003.355705,1044000,,825000,0.79,,1044303.797,292000,,4165000,17.5,,238000,258000,,258000000,1075,,240000,,,,,,,260000,,1728000,12,,144000,,,,,,,84000,6048000,4158000,50,72.72727273,83160,597000,105017000,457375000,766,175.8797967,597095.3003,560000,,5194000,9.8,,530000
1937,11000,,210000,21,,10000,2333000,,44538000,19.5,,2284000,1111000,,780000,338,,2307.692308,1094000,,996000,0.91,,1094505.495,280000,,5060000,23,,220000,250000,,307400000,1325,,232000,,,,,,,242000,,1776000,12,,148000,,,,,,,82000,5825000,4330000,53,71.29907621,81698.11321,684000,144936000,604590000,884,211.9178683,683925.3394,524000,,5817000,11.8,,492966.1017
1938,12000,,220000,20,,11000,2477000,,45372000,19,,2388000,884000,,388000,216,,1796.296296,1097000,,1111000,1.01,,1100000,301000,,6050000,25,,242000,255000,,244110000,1030,,237000,,,,,,,324000,,1863000,11.5,,162000,,,,,,,81000,5424000,4811000,59,66.51756392,81542.37288,612100,116736000,517210000,845,190.7192823,612082.8402,508000,,6000000,12.5,,480000
1939,15000,,309000,22.1,,13981.90045,2500000,,50935000,21.1,,2413981.043,754000,,457000,296,,1543.918919,1098000,,1062000,0.97,,1094845.361,289000,,5781000,24.6,,235000,262000,,291550000,1190,,245000,,,,,,,328000,,1760000,11,,160000,,,,,,,77000,5881000,4828000,63,76.74047225,76634.92063,851100,125340000,821207000,965,147.2869812,850991.7098,472000,,5504000,12.8,,430000
1940,18000,,384000,24,,16000,2468000,,46390000,19.5,,2378974.359,841000,,739000,427,,1730.679157,1115000,,1075000,0.96,,1119791.667,296000,,6110000,26,,235000,272000,,367510000,1430,,257000,,,,,,,360000,,2280000,12,,190000,,,,,,,73000,5326000,3854000,53,73.24286456,72716.98113,504500,87034000,523660000,1038,172.5189856,504489.4027,477000,,6645000,15,,443000
1941,32000,,634000,23.5,,26978.7234,2418000,,51458000,22,,2339000,812000,,552000,333,,1657.657658,1129000,,1073000,0.95,,1129473.684,318000,,6552000,26,,252000,242000,,274800000,1200,,229000,,,,,,,371000,,2180000,10,,218000,,,,,,,82000,6629000,3879000,47,80.32044341,82531.91489,494200,134384000,459490000,930,271.9909465,494075.2688,506000,,7347000,15.5,,474000
1942,58000,,1058000,23,,46000,2309000,,45654000,20.5,,2227024.39,861000,,727000,412,,1764.563107,1153000,,1218000,1.06,,1149056.604,375000,,7250000,25,,290000,287000,,338850000,1255,,270000,,,,,,,434000,,3484000,13,,268000,,,,,,,79000,10539000,4997000,63,132.8711227,79317.46032,545600,224749000,574400000,1053,412.0137483,545489.0788,544000,,8014000,15.5,,517032.2581
1943,60000,,922000,20.5,,44975.60976,2335000,,49544000,22,,2252000,850000,,596000,338,,1763.313609,1358000,,1312000,0.97,,1352577.32,401000,,6665000,21.5,,310000,318000,,307500000,1025,,300000,,,,,,,495000,,2313000,9,,257000,,,,,,,80000,16141000,4268000,53,200.4388472,80528.30189,588500,224176000,552612000,939,380.9205446,588511.1821,511000,,5812000,12.5,,464960
1944,60000,,1206000,26.8,,45000,2319000,,50935000,22.8,,2233991.228,765000,,710000,454,,1563.876652,1315000,,1263000,0.96,,1315625,437000,,9280000,27.7,,335018.0505,316000,,354000000,1200,,295000,,,,,,,361000,,2110000,10.5,,200952.381,,,,,,,74000,15425000,4396000,59,207.0234304,74508.47458,696000,325785000,753670000,1083,468.1427614,695909.5106,567000,,8514000,16.5,,516000
1945,56000,,924000,22,,42000,2229000,,53725000,25,,2149000,595000,,428000,357,,1198.879552,1374000,,1352000,0.98,,1379591.837,489000,,10312000,27.5,,374981.8182,342000,,304000000,950,,320000,,,,,,,368000,,2700000,12.5,,216000,,,,,,,60000,13797000,3465000,58,230.9454545,59741.37931,735000,356616000,813810000,1107,485.0934641,735149.0515,448000,,5916000,14.5,,408000
1946,41000,,940000,28.5,,32982.45614,2193000,,56808000,27,,2104000,615000,,440000,351,,1253.561254,1263000,,1285000,1.02,,1259803.922,493000,,12870000,33,,390000,318000,,272875000,925,,295000,,,,,,,342000,,2862000,13.5,,212000,,,,,,,56000,14748000,3542000,63,262.3162055,56222.22222,811800,457638000,927425000,1142,563.5200647,812105.9545,394000,,6307000,17,,371000
1947,48000,,1131000,29,,39000,2204000,,66465000,31.5,,2110000,680000,,452000,323,,1399.380805,1292000,,1267000,0.98,,1292857.143,508000,,11194000,29,,386000,312000,,300760000,1030,,292000,,,,,,,380000,,3495000,15,,233000,,,,,,,55000,13370000,3328000,60,241.0456731,55466.66667,792600,380848000,907181000,1145,480.6879333,792297.8166,492000,,8172000,17.5,,466971.4286
1948,39000,,784000,24.5,,32000,2248000,86549000,64110000,30,40.50023397,2137000,745000,,678000,440,,1540.909091,1290000,,1328000,1.03,,1289320.388,356000,,7830000,29,,270000,315000,,346625000,1175,,295000,,,,,,,384000,7876000,3564000,13.5,29.83333333,264000,,,,,,,46000,11739000,2783000,60,253.0865972,46383.33333,604300,376447000,756684000,1252,622.8645564,604380.1917,408000,,5984000,16,,374000
1949,40000,1034000,891000,26.2,30.40493827,34007.63359,2238000,86896000,66843000,31.5,40.95004713,2122000,895000,,466000,253,,1841.897233,1331000,40011000,1399000,1.05,30.02969979,1332380.952,527000,7447000,9309000,29,23.19937695,321000,242000,,242650000,1055,,230000,,,,,,,380000,7643000,3960000,15,28.95075758,264000,,,,,,,55000,12903000,3300000,60,234.6,55000,631800,359435000,747082000,1182,568.6821125,632049.0694,465000,10985000,5520000,13.8,27.4625,400000
1950,44000,1177000,892000,25.5,33.64742152,34980.39216,2282000,108496000,71379000,33,50.15996301,2163000,615000,,181000,149,,1214.765101,1201000,36633000,1272000,1.06,30.5275,1200000,516000,9131000,10146000,28.5,25.6488764,356000,240000,,251970000,1110,,227000,,,,,,,399000,11737000,4752000,16,39.51851852,297000,,,,,,,62000,13243000,3720000,60,213.5967742,62000,650500,486683000,875990000,1347,748.3669916,650326.6518,395000,11588000,5340000,15,32.5505618,356000
1951,41000,1536000,1155000,33,43.88571429,35000,2196000,111039000,65317000,31,52.70004746,2107000,725000,,542000,370,,1464.864865,1224000,37879000,1218000,1,31.09934319,1218000,485000,8914000,10016000,33.5,29.81419728,298985.0746,242000,,322480000,1390,,232000,,,,,,,423000,13605000,5253000,17,44.02912621,309000,,,,,,,37000,11620000,2035000,55,314.0540541,37000,747200,534930000,999725000,1338,715.9332216,747178.6248,427000,18934000,9016000,23,48.30102041,392000
1952,57000,1880000,1403000,30.5,40.86956522,46000,2223000,91757000,52734000,25.5,44.36992263,2068000,765000,,569000,366,,1554.644809,1204000,42695000,1286000,1.07,35.52383359,1201869.159,466000,8947000,9620000,32.5,30.22635135,296000,201000,,306555000,1605,,191000,,,,,,,406000,12593000,4862000,17,44.03146853,286000,,,,,,,38000,14227000,2280000,60,374.3947368,38000,747000,458400000,918250000,1229,613.5296488,747152.1562,440000,17479000,8568000,21,42.84068627,408000
1953,55000,2011000,1622000,34.5,42.77404439,47014.49275,2201000,90144000,55990000,27.5,44.27504912,2036000,786000,,448000,278,,1611.510791,1197000,37441000,1145000,0.96,31.39158079,1192708.333,555000,9930000,11964000,35.5,29.46464393,337014.0845,187000,,270290000,1510,,179000,,,,,,,369000,10609000,4128000,16,41.12015504,258000,,,,,,,46000,12586000,2760000,60,273.6086957,46000,685400,458095000,852825000,1244,668.2146748,685550.6431,440000,15594000,8080000,20,38.5990099,404000
1954,69000,2172000,1922000,31.5,35.59729448,61015.87302,2194000,80524000,49100000,25,41,1964000,565000,,363000,319,,1137.931034,1156000,36312000,1068000,0.92,31.28,1160869.565,660000,13268000,16380000,36,29.16043956,455000,183000,,250800000,1425,,176000,,,,,,,406000,13069000,4913000,17,45.22145329,289000,,,,,,,43000,11778000,2337000,57,287.2682927,41000,698700,495683000,913874000,1308,709.4559688,698680.4281,370000,14822000,7374000,21.5,43.21575807,342976.7442
1955,69000,1834000,1652000,28,31.08474576,59000,2161000,84523000,67082000,34,42.83983781,1973000,500000,,350000,350,,1000,1126000,37572000,1212000,1.08,33.48,1122222.222,752000,11537000,15180000,33,25.08043478,460000,196000,,201160000,1070,,188000,,,,,,,430000,10795000,5068000,15.5,33.01548934,326967.7419,,,,,,,45000,10224000,2400000,60,255.6,40000,662800,531496000,997395000,1505,801.9906657,662720.9302,370000,14077000,7074000,21.5,42.78420978,329023.2558
1956,70000,2386000,2294000,37,38.48387097,62000,1982000,97000000,75194000,41,52.88985823,1834000,462000,,359000,391,,918.1585678,986000,30402000,1052000,1.07,30.92218631,983177.5701,714000,13776000,19680000,40,28,492000,206000,,351452000,1775,,198001.1268,,,,,,,494000,18693000,8944000,21.5,44.93509615,416000,,,,,,,36000,10787000,2376000,66,299.6388889,36000,588400,507071000,978885000,1664,861.9665681,588272.2356,396000,18299000,9384000,25.5,49.72554348,368000
1957,78000,1857000,1876000,28,27.71641791,67000,1874000,76627000,55932000,32.5,44.52509297,1720984.615,355000,,230000,321,,716.5109034,964000,31219000,1084000,1.12,32.25579336,967857.1429,743000,9428000,13664000,30.5,21.04464286,448000,187000,,306000000,1700,,180000,,,,,,,514000,17304000,8400000,20,41.2,420000,,,,,,,39000,12094000,2730000,70,310.1025641,39000,452600,369515000,669740000,1480,816.5589632,452527.027,392000,13279000,6916000,19,36.48076923,364000
1958,66000,2121000,1982000,32.5,34.77926337,60984.61538,1859000,95477000,73444000,43,55.8998829,1708000,271000,,255000,466,,547.2103004,947000,33544000,1177000,1.24,35.33947324,949193.5484,557000,8437000,10416000,31,25.11011905,336000,183000,,331080000,1860,,178000,,,,,,,529000,19393000,9844000,23,45.31074766,428000,,,,,,,31000,10858000,2325000,75,350.2580645,31000,438300,439285000,755455000,1724,1002.478427,438198.9559,337000,14022000,7191000,23.5,45.82352941,306000
1959,78000,2530000,2556000,36,35.63380282,71000,1971000,90100000,76356000,42,49.559956,1818000,400000,,321000,395,,812.6582278,803000,27607000,979000,1.22,34.40300306,802459.0164,507000,8544000,12564000,36,24.48137536,349000,181000,,269280000,1530,,176000,,,,,,,513000,19638000,9396000,21.5,44.93582375,437023.2558,,,,,,,31000,9325000,2480000,80,300.8064516,31000,468300,418401000,723130000,1544,893.3540912,468348.4456,438000,16804000,9494000,23.5,41.59405941,404000
1960,71000,2150000,2108000,34,34.67741935,62000,1912000,95760000,84000000,48,54.72,1750000,410000,,231000,284,,813.3802817,722000,25598000,859000,1.19,35.46172293,721848.7395,370000,6459000,8176000,34.5,27.25483121,236985.5072,179000,,307980000,1770,,174000,,,,,,,646000,24647000,12262000,22.5,45.22569728,544977.7778,,,,,,,24000,9439000,2160000,90,393.2916667,24000,467000,524747000,858300000,1838,1123.715468,466974.9728,355000,13754000,7684000,23.5,42.06389901,326978.7234
1961,88000,2761000,3034000,41,37.31081081,74000,1568000,80755000,67296000,48,57.59985735,1402000,418000,,278000,337,,824.925816,729000,25807000,893000,1.22,35.25704367,731967.2131,462000,7208000,10600000,40,27.2,265000,177000,,287240000,1670,,172000,,,,,,,678000,29525000,13064000,23,51.9806338,568000,,,,,,,20000,8298000,1800000,90,414.9,20000,473400,555814000,853951000,1804,1174.175633,473365.2993,447000,20008000,11368000,29,51.04081633,392000
1962,83000,2266000,2244000,34,34.33333333,66000,1427000,88900000,71120000,56,70,1270000,417000,,274000,327,,837.9204893,676000,24099000,785000,1.16,35.61126115,676724.1379,379000,6022000,8138000,37.5,27.74944704,217013.3333,177000,,336260000,1955,,172000,,,,,,,678000,31069000,13392000,24,55.67921147,558000,,,,,,,24000,9803000,2520000,105,408.4583333,24000,494000,564015000,936845000,1896,1141.461437,494116.5612,241000,9449000,4896000,24,46.31862745,204000
1963,76000,2198000,2176000,34,34.34375,64000,1570000,96743000,76780000,55,69.30014327,1396000,390000,,350000,449,,779.5100223,661000,25912000,732000,1.11,39.29278689,659459.4595,334000,3579000,4588000,31,24.18243243,148000,177000,,341420000,1985,,172000,,,,,,,753000,38006000,14288000,23.5,62.50986842,608000,,,,,,,19000,8180000,1995000,105,430.5263158,19000,471500,549195000,945795000,2006,1164.824481,471483.0508,270000,11140000,5989000,26.5,49.2920354,226000
1964,78000,2736000,2880000,40,38,72000,1523000,99278000,80063000,59,73.15991157,1357000,395000,,373000,470,,793.6170213,613000,25065000,776000,1.27,41.02132732,611023.622,254000,4305000,6063000,43,30.53191489,141000,175000,,328950000,1935,,170000,,,,,,,839000,42091000,16004000,23.5,61.80570482,681021.2766,,,,,,,19000,9809000,1890000,105,544.9444444,18000,425700,561929000,970450000,2280,1320.210335,425635.9649,313000,10050000,7336000,28,38.35877863,262000
1965,69000,2298000,2394000,38,36.47619048,63000,1477000,113308000,92120000,70,86.10030395,1316000,387000,,220000,287,,766.5505226,557000,22558000,723000,1.3,40.56071923,556153.8462,216000,4336000,5940000,44,32.11851852,135000,174000,,390390000,2310,,169000,,,,,,,886000,46948000,19400000,25,60.5,776000,,,,,,,21000,10834000,2310000,110,515.9047619,21000,383900,454955000,708117000,1845,1185.385996,383803.252,188000,6853000,4930000,29,40.31176471,170000
1966,74000,2990000,2990000,46,46,65000,1536000,88104000,60345000,45,65.70022371,1341000,244000,,94000,290,,324.137931,512000,20608000,644000,1.26,40.32,511111.1111,231000,5326000,7008000,48,36.47945205,146000,172000,,400800000,2400,,167000,,,,,,,1045000,65302000,23075000,25,70.74972914,923000,,,,,,,19000,10434000,1995000,105,549.1578947,19000,415400,518733000,779308000,1876,1248.727214,415409.3817,201000,7970000,4950000,30,48.3030303,165000
1967,79000,2772000,2772000,42,42,66000,1551000,117551000,104956000,76,85.12020275,1381000,191000,,43000,277,,155.234657,476000,19313000,623000,1.31,40.61,475572.5191,273000,4899000,6532000,46,34.5,142000,172000,,347360000,2080,,167000,,,,,,,1264000,67594000,27366000,24.5,60.51498209,1116979.592,,,,,,,19000,7363000,2185000,115,387.5263158,19000,403200,534846000,834675000,2070,1326.421925,403224.6377,281000,10891000,7409000,31,45.56903766,239000
1968,74000,2867000,3185000,49,44.10769231,65000,1515000,90586000,80880000,60,67.20029674,1348000,200000,,122000,310,,393.5483871,447000,18755000,605000,1.35,41.85,448148.1481,265000,4557000,6419000,49,34.78625954,131000,170000,,346525000,2075,,167000,,,,,,,1163000,41504000,17010000,17.5,42.69958848,972000,,,,,,,22000,12195000,2530000,115,554.3181818,22000,358400,444481000,667375000,1862,1240.117808,358418.3673,247000,10468000,8580000,39,47.58181818,220000
1969,63000,2631000,2860000,52,47.83636364,55000,1456000,112369000,87108000,68,87.7197502,1281000,184000,,99000,287,,344.9477352,400000,19635000,595000,1.49,49.17,399328.8591,231000,4620000,6600000,55,38.5,120000,170000,,343185000,2055,,167000,,,,,,,1000000,54534000,23010000,26,61.62033898,885000,,,,,,,26000,13724000,3510000,135,527.8461538,26000,386400,516233000,715968000,1853,1336.064948,386383.1624,227000,10229000,8316000,42,51.66161616,198000
1970,66000,3122000,3186000,54,52.91525424,59000,1600000,108500000,70000000,50,77.5,1400000,173000,,155000,464,,334.0517241,360000,19635000,561000,1.56,54.6,359615.3846,236000,4888000,6696000,54,39.41935484,124000,170000,,445890000,2670,,167000,,,,,,,981000,60343000,20808000,24,69.59976932,867000,,,,,,,24000,14940000,3600000,150,622.5,24000,391100,584755000,815520000,2085,1495.014439,391136.6906,234000,11324000,8514000,43,57.19191919,198000
1971,85000,4062000,3869000,53,55.64383562,73000,1750000,103478000,89205000,57,66.1201278,1565000,194000,,135000,371,,363.8814016,340000,18935000,541000,1.59,55.65,340251.5723,210000,4637000,6440000,56,40.32173913,115000,170000,,325500000,2100,,155000,,,,,,,1110000,68429000,23760000,24,69.12020202,990000,,,,,,,23000,14345000,3105000,135,623.6956522,23000,346000,563559000,727145000,2102,1629.112513,345930.0666,290000,15381000,10535000,43,62.77959184,245000
1972,75000,2630000,2684000,44,43.1147541,61000,1450000,151552000,102400000,80,118.4,1280000,210000,,119000,337,,353.115727,332000,20288000,541000,1.63,61.12650647,331901.8405,175000,2700000,3600000,48,36,75000,169000,,370180000,2230,,166000,,,,,,,1250000,120286000,29125000,25,103.2497854,1165000,,,,,,,24000,18900000,3600000,150,787.5,24000,339700,580925000,680385000,2003,1710.197572,339682.9755,250000,8308000,6200000,31,41.54,200000
1973,76000,4632000,3008000,47,72.375,64000,1550000,277816000,114800000,82,198.44,1400000,186000,,164000,455,,360.4395604,325000,22653000,533000,1.64,69.70153846,325000,160000,4290000,3900000,52,57.2,75000,168000,,466460000,2810,,166000,,,,,,,1500000,194184000,34800000,24,133.92,1450000,,,,,,,25000,21600000,3375000,135,864,25000,383500,717191000,811915000,2117,1870.015146,383521.4927,230000,18144000,6300000,35,100.8,180000
1974,73000,5625000,3008000,47,87.890625,64000,1720000,374445000,117750000,75,238.5,1570000,158000,,133000,440,,302.2727273,340000,25996000,536000,1.58,76.63,339240.5063,155000,6336000,4400000,55,79.2,80000,168000,,384290000,2315,,166000,,,,,,,1475000,212744000,31240000,22,149.8197183,1420000,,,,,,,30000,23925000,3625000,125,825,29000,398000,833904000,789220000,1983,2095.273348,397992.94,310000,32571000,9900000,36,118.44,275000
1975,70000,4940000,2760000,46,82.33333333,60000,1750000,286566000,106530000,67,180.2301887,1590000,56000,,46000,412,,111.6504854,358000,31482000,583000,1.63,88.02,357668.7117,155000,5834000,4080000,51,72.925,80000,167000,,373725000,2265,,165000,,,,,,,1500000,155838000,33370000,23.5,109.7450704,1420000,,,,,,,32000,29218000,4030000,130,942.516129,31000,479500,955515000,956995000,1996,1992.913171,479456.4128,315000,23785000,8525000,31,86.49090909,275000
1976,73000,4563000,2340000,39,76.05,60000,2050000,357952000,150400000,80,190.4,1880000,75000,,72000,489,,147.2392638,370000,34304000,536000,1.45,92.8,369655.1724,175000,5828000,3760000,47,72.85,80000,168000,,440730000,2655,,166000,,,,,,,1220000,163856000,24640000,22,146.3,1120000,,,,,,,35000,23166000,4290000,130,702,33000,448000,999437000,902930000,2015,2230.36731,448104.2184,275000,20880000,6960000,29,87,240000
1977,67000,3960000,2200000,40,72,55000,2000000,178367000,88740000,51,102.5097701,1740000,87000,,53000,305,,173.7704918,371000,40442000,554000,1.49,108.77,371812.0805,170000,4379000,3150000,42,58.38666667,75000,169000,,444050000,2675,,166000,,,,,,,1450000,170848000,28380000,21.5,129.430303,1320000,,,,,,,34000,39468000,4290000,130,1196,33000,398600,870554000,745275000,1870,2184.342665,398542.7807,235000,13200000,6000000,30,66,200000
1978,72000,5710000,3172000,52,93.60655738,61000,1760000,291840000,121600000,76,182.4,1600000,45000,,45000,515,,87.37864078,400000,43328000,677000,1.69,108.16,400591.716,185000,6552000,5415000,57,68.96842105,95000,170000,,465360000,2770,,168000,,,,,,,1750000,264902000,40320000,24,157.6797619,1680000,,,,,,,38000,46032000,4810000,130,1244.108108,37000,412100,1132433000,849731000,2062,2748.018898,412090.6887,220000,16929000,5940000,33,94.05,180000
1979,80000,6069000,3570000,51,86.7,70000,1850000,364770000,128440000,76,215.8402367,1690000,46000,,43000,459,,93.68191721,378000,36816000,624000,1.65,97.35,378181.8182,180000,6823000,5415000,57,71.82105263,95000,168000,,378480000,2280,,166000,,,,,,,2000000,295571000,45825000,23.5,151.5748718,1950000,,,,,,,41000,36480000,4800000,120,912,40000,338300,867206000,621393000,1837,2563.687428,338265.1062,235000,27972000,7560000,36,133.2,210000
1980,60000,5460000,2600000,50,105,52000,1900000,350844000,103800000,60,202.8,1730000,66000,19843000,52000,381,300.6515152,136.4829396,382000,37296000,592000,1.55,97.65,381935.4839,160000,6764000,4050000,54,90.18666667,75000,169000,,291330000,1755,,166000,,,,,,,2030000,272014000,34740000,18,140.9398964,1930000,,,,,,,38000,57017000,4255000,115,1541,37000,384200,1118764000,762440000,1984,2911.216327,384294.3548,425000,52500000,14000000,35,131.25,400000
1981,85000,9075000,4125000,55,121,75000,2000000,377639000,140910000,77,206.3601093,1830000,83000,26630000,95000,556,320.8433735,170.8633094,384000,41340000,636000,1.66,107.9,383132.5301,170000,8924000,4648000,56,107.5180723,83000,175000,,555560000,3230,,172000,,,,,,,1920000,283513000,46250000,25,153.2502703,1850000,,,,,,,40000,65520000,4680000,120,1680,39000,374300,1329060000,795887000,2126,3550.229568,374358.8899,600000,72930000,21450000,39,132.6,550000
1982,77000,6253000,3380000,52,96.2,65000,1740000,363706000,155430000,99,231.6598726,1570000,71000,30355000,102000,699,427.5352113,145.9227468,395000,40504000,664000,1.68,102.48,395238.0952,155000,6107000,4425000,59,81.42666667,75000,152000,113061000,417200000,2800,758.7986577,149000,,,,,,,2150000,292950000,52500000,25,139.5,2100000,,,,,,,45000,41283000,5940000,135,938.25,44000,325740,1249393000,700668000,2151,3835.545998,325740.5858,700000,70200000,23400000,36,108,650000
1983,55000,4851000,2205000,49,107.8,45000,1500000,281856000,76800000,60,220.2,1280000,60000,14572000,43000,350,242.8666667,122.8571429,390000,34770000,570000,1.46,89.06,390410.9589,140000,6037000,3920000,56,86.24285714,70000,150000,80519000,318255000,2165,547.7482993,147000,,,,,,,1750000,260370000,33000000,20,157.8,1650000,,,,,,,38000,69708000,4440000,120,1884,37000,277700,973362000,546869000,1969,3504.586616,277739.4617,600000,48739000,15980000,34,103.7,470000
1984,70000,7661000,4032000,63,119.703125,64000,1800000,408240000,145800000,90,252,1620000,97000,36288000,120000,600,374.1030928,200,410000,43980000,733000,1.79,107.4,409497.2067,125000,7572000,3944000,58,111.3529412,68000,157000,122264000,449500000,2900,788.8,155000,,,,,,,1850000,276448000,46540000,26,154.4402235,1790000,,,,,,,39000,76950000,5130000,135,2025,38000,271600,1067128000,590026000,2172,3928.304881,271651.0129,700000,89311000,26660000,43,144.05,620000
1985,78000,4224000,2640000,40,64,66000,1820000,311951000,128375000,79,191.9698462,1625000,88000,30888000,117000,646,351,181.1145511,395000,51264000,712000,1.8,129.6,395555.5556,105000,4427000,2604000,42,71.40322581,62000,155000,122941000,451990000,2935,798.3181818,154000,,,,,,,1800000,197064000,39100000,23,115.92,1700000,,,,,,,41000,45000000,6000000,150,1125,40000,250700,951214000,556522000,2220,3794.450318,250685.5856,800000,63916000,22040000,29,84.1,760000
1986,53000,2430000,1620000,36,54,45000,1600000,167035000,93840000,69,122.8198529,1360000,82000,27259000,109000,646,332.4268293,168.7306502,430000,58200000,600000,1.4,135.8,428571.4286,100000,2860000,2200000,40,52,55000,145000,131251000,440440000,3080,917.8391608,143000,,,,,,,1640000,176990000,36720000,24,115.6797386,1530000,,,,,,,35000,58140000,5100000,150,1710,34000,214600,681880000,444790000,2073,3177.987904,214563.4346,525000,37950000,15180000,33,82.5,460000
1987,46000,3534000,2280000,57,88.35,40000,1250000,160820000,74800000,68,146.2,1100000,96000,29165000,98000,495,303.8020833,197.979798,470000,70752000,804000,1.71,150.48,470175.4386,105000,4956000,3540000,59,82.6,60000,150000,112169000,392200000,2650,757.8986486,148000,,,,,,,1400000,190086000,32830000,24.5,141.8552239,1340000,,,,,,,36000,45500000,4550000,130,1300,35000,224900,736690000,466592000,2075,3276.16365,224863.6145,490000,46002000,18040000,41,104.55,440000
1988,48000,4855000,2856000,68,115.5952381,42000,1100000,237107000,81480000,84,244.4402062,970000,126000,34474000,133000,515,273.6031746,258.2524272,450000,50211000,797000,1.77,111.51,450282.4859,100000,6160000,3850000,70,112,55000,155000,118436000,419985000,2745,774.0915033,153000,,,,,,,1370000,263860000,35370000,27,201.4198473,1310000,,,,,,,35000,63648000,4420000,130,1872,34000,249900,890140000,552627000,2211,3561.352485,249944.3691,510000,81600000,24000000,50,170,480000
1989,50000,3302000,2064000,48,76.79069767,43000,1050000,235895000,88350000,93,248.3105263,950000,112000,42435000,141000,615,378.8839286,229.2682927,515000,72282000,1161000,2.25,140.0813953,516000,100000,4389000,3135000,57,79.8,55000,153000,108075000,370120000,2435,711.0197368,152000,,,,,,,1600000,237708000,41850000,27,153.36,1550000,,,,,,,35000,76296000,4080000,120,2244,34000,266700,906452000,541056000,2029,3399.262014,266661.4096,680000,72828000,21420000,34,115.6,630000
1990,35000,3228000,1590000,53,107.6,30000,1200000,184083000,72760000,68,172.0401869,1070000,201000,87106000,263000,631,433.3631841,416.7987322,470000,65292000,1011000,2.15,138.8504451,470232.5581,80000,4075000,2440000,61,101.875,40000,165000,165984000,475600000,2900,1012.097561,164000,,,,,,,1400000,184032000,32400000,24,136.32,1350000,,,,,,,36000,41412000,4930000,145,1218,34000,284200,1076242000,639639000,2251,3787.481286,284157.7077,600000,67650000,22550000,41,123,550000
1991,40000,3455000,1645000,47,98.71428571,35000,1050000,224865000,85500000,90,236.7,950000,460000,182170000,640000,672,396.0217391,952.3809524,520000,78816000,1176000,2.26,151.4661224,520353.9823,85000,3300000,2200000,55,82.5,40000,162000,126506000,461700000,2850,780.9012346,162000,,,,,,,1350000,214866000,38645000,29.5,164.0198473,1310000,,,,,,,31000,40500000,4050000,135,1350,30000,275000,1098981000,634655000,2308,3996.577901,274980.5026,550000,54720000,19200000,40,114,480000
1992,35000,4257000,1980000,66,141.9,30000,1150000,223288000,98800000,95,214.7,1040000,380000,128943000,468000,596,339.3236842,785.2348993,530000,77374000,1234000,2.33,146.095154,529613.7339,90000,5250000,3000000,60,105,50000,153000,126164000,406980000,2660,824.6013072,153000,,,,,,,1400000,199746000,36450000,27,147.96,1350000,,,,,,,36000,40530000,4200000,120,1158,35000,270200,1058495000,609873000,2257,3917.247058,270214.0009,600000,90188000,27750000,50,162.5009009,555000
1993,25000,2340000,1200000,60,117,20000,1000000,146413000,55250000,65,172.2505882,850000,390000,,429000,535,,801.8691589,530000,63265000,805000,1.52,119.4568944,529605.2632,60000,3150000,1800000,60,105,30000,152000,94968000,299585000,2095,664.1118881,143000,,,,,,,1350000,192300000,30000000,24,153.84,1250000,,,,,,,33000,42848000,4160000,130,1339,32000,271000,1029202000,608415000,2245,3797.668516,271008.9087,610000,65856000,23520000,42,117.6,560000
1994,30000,3763000,1750000,70,150.52,25000,1000000,203112000,81900000,91,225.68,900000,486000,,829000,820,,1010.97561,550000,103021000,1279000,2.33,187.6770367,548927.0386,85000,4420000,2600000,65,110.5,40000,151000,133988000,485465000,3215,887.3377483,151000,,,,,,,1400000,224316000,41850000,31,166.16,1350000,,,,,,,35000,55335000,5270000,155,1627.5,34000,243200,1025125000,599853000,2467,4216.005213,243150.7904,670000,91140000,30380000,49,147,620000
1995,35000,3690000,1800000,60,123,30000,800000,265146000,74900000,107,378.78,700000,805000,,798000,479,,1665.970772,580000,101210000,1406000,2.42,174.2021337,580991.7355,60000,2925000,1950000,65,97.5,30000,144000,103418000,347040000,2410,718.1805556,144000,,,,,,,1150000,185913000,26750000,25,173.7504673,1070000,,,,,,,33000,55680000,4800000,150,1740,32000,261100,871374000,484599000,1856,3337.33694,261098.5991,720000,102784000,28160000,44,160.6,640000
1996,25000,3380000,1300000,65,169,20000,1000000,293265000,85500000,95,325.85,900000,740000,,1002000,659,,1520.485584,645000,112287000,1365000,2.12,174.3944615,643867.9245,50000,2880000,1200000,60,144,20000,125000,101063000,367500000,2940,808.504,125000,,,,,,,1250000,246036000,34800000,29,205.03,1200000,,,,,,,33000,46438000,4340000,140,1498,31000,287800,1076079000,585542000,2035,3739.818433,287735.6265,630000,109032000,25960000,44,184.8,590000
1997,24000,2856000,1360000,68,142.8,20000,960000,219127000,77430000,89,251.8701149,870000,690000,299088000,930000,652,433.4608696,1426.380368,650000,115986000,1383000,2.13,178.6335358,649295.7746,55000,2880000,1600000,64,115.2,25000,124000,91310000,329640000,2680,742.3577236,123000,,,,,,,1400000,257648000,38570000,29,193.7203008,1330000,,,,,,,32000,53568000,4960000,160,1728,31000,321400,1257705000,731199000,2275,3913.132916,321406.1538,730000,109344000,34170000,51,163.2,670000
1998,25000,2052000,1140000,57,102.6,20000,860000,125587000,53900000,70,163.1,770000,710000,,1026000,699,,1467.811159,670000,118596000,1486000,2.22,177.1757201,669369.3694,40000,1972000,1160000,58,98.6,20000,125000,106835000,397155000,3190,858.1124498,124500,6300,10944000,456000,80,1920,5700,1475000,192171000,38205000,27,135.809894,1415000,,,,,,,33000,59840000,5440000,170,1870,32000,251100,977267000,551730000,2197,3891.496926,251128.812,730000,71094000,27880000,41,104.55,680000
1999,24000,2554000,1520000,80,134.4210526,19000,750000,116224000,51200000,80,181.6,640000,880000,,816000,475,,1717.894737,710000,118500000,1544000,2.17,166.5446891,711520.7373,55000,2635000,1700000,68,105.4,25000,126000,82480000,298840000,2410,665.1612903,124000,6600,14617000,713000,115,2357.580645,6200,1400000,137839000,29900000,23,106.03,1300000,,,,,,,37000,45240000,3770000,130,1560,29000,207800,787381000,448980000,2161,3789.768678,207764.9236,650000,66219000,28420000,49,114.1706897,580000
2000,30000,2232000,1440000,80,124,18000,730000,149222000,74240000,116,233.159375,640000,930000,,1429000,742,,1925.876011,710000,131520000,1848000,2.6,185.038961,710769.2308,60000,3045000,2100000,70,101.5,30000,123000,92342000,338250000,2750,750.7479675,123000,6400,15624000,744000,120,2520,6200,1400000,199342000,44200000,32.5,146.575,1360000,4200,9200000,400000,100,2300,4000,38000,68265000,5550000,150,1845,37000,167400,733453000,406710000,2430,4382.215313,167370.3704,670000,58750000,25000000,50,117.5,500000
2001,28000,1809000,1206000,67,100.5,18000,700000,184375000,78125000,125,295,625000,970000,,1673000,832,,2010.817308,710000,113460000,1578000,2.22,159.6205323,710810.8108,60000,2587000,1568000,56,92.39285714,28000,123000,88406000,356475000,2910,721.6816327,122500,6200,14104000,688000,125,2562.5,5504,1380000,185328000,43200000,32,137.28,1350000,4300,9750000,390000,95,2375,4105.263158,37000,66960000,5580000,155,1860,36000,161700,719018000,386920000,2393,4446.940127,161688.2574,660000,42120000,17550000,39,93.6,450000
2002,25000,1785000,1020000,60,105,17000,780000,163112000,56440000,83,239.8705882,680000,940000,,806000,421,,1914.489311,750000,110120000,1354000,1.81,147.2062038,748066.2983,65000,2613000,1375000,55,104.52,25000,101000,45990000,210000000,2100,459.9,100000,5400,14300000,650000,130,2860,5000,1370000,174305000,30960000,24,135.120155,1290000,4200,10260000,380000,100,2700,3800,40000,67340000,4810000,130,1820,37000,168300,633534000,347920000,2067,3763.83875,168321.2385,600000,49665000,18060000,42,115.5,430000
2003,20000,1490000,784000,56,106.4285714,14000,740000,193174000,72080000,106,284.0794118,680000,810000,,1037000,646,,1605.263158,778000,124500000,2030000,2.61,160.0714286,777777.7778,55000,2466000,1298000,59,112.0909091,22000,101000,73280000,320000000,3200,732.8,100000,5400,12500000,500000,110,2750,4545.454545,1450000,306180000,42000000,30,218.7,1400000,3800,8430000,281000,85,2550,3305.882353,43000,85260000,5880000,140,2030,42000,159700,556919000,299995000,1878,3486.371046,159741.7465,530000,42066000,14760000,36,102.6,410000
2004,23000,2016000,960000,64,134.4,15000,820000,211255000,86580000,117,285.4797297,740000,730000,,1360000,900,,1511.111111,712000,108120000,1776000,2.49,151.5871622,713253.012,55000,3500000,1750000,70,140,25000,105000,79380000,367500000,3500,756,105000,5000,10120000,440000,110,2530,4000,1530000,283560000,51000000,34,189.04,1500000,3900,9000000,300000,100,3000,3000,45000,92880000,6880000,160,2160,43000,156100,650104000,350560000,2246,4165.146006,156081.9234,600000,71300000,23000000,50,155,460000
2005,24000,2638000,1482000,78,138.8421053,19000,750000,195720000,84000000,120,279.6,700000,815000,,1437000,852,,1686.619718,691000,109720000,1660000,2.4,158.6313253,691666.6667,50000,3459000,1679000,73,150.3913043,23000,97000,56448000,288000000,3000,588,96000,4700,10656000,444000,120,2880,3700,1490000,222329000,39420000,27,152.280137,1460000,4000,9860000,340000,100,2900,3400,36000,84490000,5950000,170,2414,35000,126000,412594000,278900000,2213,3273.827616,126028.0163,560000,76121000,24795000,57,174.9908046,435000
2006,24000,2652000,1360000,80,156,17000,790000,295970000,97680000,132,399.9594595,740000,870000,,1285000,713,,1802.244039,690000,115068000,1663000,2.41,166.7551894,690041.4938,60000,3549000,1690000,65,136.5,26000,85000,49728000,268800000,3200,592,84000,3300,15552000,576000,180,4860,3200,1370000,276352000,43520000,32,203.2,1360000,3400,11480000,410000,130,3640,3153.846154,40000,113724000,7020000,180,2916,39000,158900,496599000,330580000,2080,3124.586847,158932.6923,560000,80783000,24780000,59,192.3404762,420000
2007,22000,1818000,686000,49,129.8571429,14000,1090000,404000000,101000000,100,400,1010000,500000,,783000,767,,1020.860495,699000,95880000,1050000,1.5,136.9714286,700000,50000,2063000,825000,55,137.5333333,15000,92000,54810000,261000000,2900,609,90000,2800,15600000,624000,230,5750,2713.043478,1440000,306636000,30360000,22,222.2,1380000,3200,11700000,390000,130,3900,3000,44000,109306000,6665000,155,2542,43000,170000,587029000,383420000,2255,3452.481339,170031.0421,630000,98000000,20000000,40,196,500000
2008,22000,4260000,1065000,71,284,15000,900000,317873000,64740000,78,382.9795181,830000,430000,,755000,847,,891.3813459,808000,162910000,1622000,2.01,201.8798397,806965.1741,65000,8680000,2800000,80,248,35000,98000,91161000,358900000,3700,939.8041237,97000,2900,10080000,336000,120,3600,2800,1690000,514176000,55110000,33,307.8898204,1670000,3400,10164000,363000,110,3080,3300,47000,161690000,8740000,190,3515,46000,174300,686921000,390360000,2240,3941.753868,174267.8571,850000,258408000,44400000,60,349.2,740000
2009,24000,3120000,1200000,60,156,20000,870000,365040000,93600000,117,456.3,800000,375000,,763000,990,,770.7070707,847000,171959000,1957000,2.31,202.9766428,847186.1472,50000,3024000,1120000,70,189,16000,67000,61050000,244200000,3700,925,66000,3100,38400000,1200000,400,12800,3000,1800000,570605000,59500000,34,326.06,1750000,3300,11264000,352000,110,3520,3200,47000,179400000,9200000,200,3900,46000,177400,745736000,423856000,2389,4203.227757,177419.8409,660000,126224000,28175000,49,219.52,575000
2010,20000,3024000,945000,63,201.6,15000,910000,395959000,76440000,91,471.3797619,840000,550000,,951000,838,,1134.844869,867000,156920000,1828000,2.11,181.1275711,866350.7109,35000,1680000,600000,60,168,10000,87000,56889000,232200000,2700,661.5,86000,3100,25920000,810000,270,8640,3000,1580000,483600000,40300000,26,312,1550000,3100,8100000,270000,90,2700,3000,55000,174960000,9720000,180,3240,54000,168300,589085000,352625000,2095,3499.845658,168317.4224,430000,60317000,12540000,38,182.7787879,330000
2011,22000,4649000,1134000,81,332.0714286,14000,870000,481958000,68460000,84,591.3595092,815000,805000,,1026000,616,,1665.584416,776000,180420000,1709000,2.2,232.25512,776818.1818,45000,5796000,1680000,80,276,21000,82000,96520000,291600000,3600,1191.604938,81000,2600,30134000,793000,305,11590,2600,1380000,501908000,41480000,30.5,369.05,1360000,3000,22620000,377000,130,7800,2900,65000,238080000,12800000,200,3720,64000,162300,422380000,251565000,1550,2602.464572,162300,670000,291672000,40120000,68,494.359322,590000
2012,23000,4252000,1037000,61,250.1176471,17000,870000,717631000,95940000,117,875.1597561,820000,585000,,1225000,1014,,1208.086785,655000,172811000,1583000,2.42,264.1835881,654132.2314,40000,3656000,975000,75,281.2307692,13000,107000,148231000,427180000,4030,1398.40566,106000,2200,19778000,682000,310,8990,2200,1590000,873740000,62410000,39.5,553,1580000,2800,15660000,540000,200,5800,2700,63000,161200000,12400000,200,2600,62000,166100,754836000,381190000,2295,4544.580445,166095.8606,810000,285980000,42180000,57,386.4594595,740000
2013,19000,3752000,938000,67,268,14000,930000,605715000,122120000,142,704.3197674,860000,465000,,766000,799,,958.698373,858000,227184000,2064000,2.41,265.2681395,856431.5353,35000,3003000,910000,70,231,13000,82000,86873000,315900000,3900,1072.506173,81000,1800,15725000,425000,250,9250,1700,1480000,636333000,48575000,33.5,438.8503448,1450000,2700,4559000,97000,51,2397,1901.960784,54000,263940000,10600000,200,4980,53000,181900,765026000,362660000,1994,4206.314024,181875.6269,990000,331113000,52725000,57,357.96,925000
2014,20000,4047000,1065000,71,269.8,15000,840000,431402000,102960000,132,553.0794872,780000,465000,,995000,1038,,958.5741811,830000,228208000,1996000,2.4,274.3983968,831666.6667,33000,3531000,1139000,67,207.7058824,17000,94000,105261000,401760000,4320,1131.83871,93000,2200,19404000,441000,210,9240,2100,1750000,705840000,69200000,40,408,1730000,3100,8413000,162000,54,2804.333333,3000,73000,348480000,15840000,220,4840,72000,193400,911833000,453860000,2347,4715.269138,193378.7814,830000,230446000,44660000,58,299.2805195,770000
2015,19000,3427000,1008000,72,244.7857143,14000,790000,356357000,82490000,113,488.160274,730000,385000,,527000,713,,739.1304348,777000,235360000,1868000,2.4,302.3897216,778333.3333,35000,2746000,1056000,66,171.625,16000,90000,66910000,302760000,3480,769.0804598,87000,2300,21714000,517000,235,9870,2200,1820000,480525000,55360000,32,277.7601156,1730000,3000,6660000,235000,98,2777.361702,2397.959184,87000,316996000,16340000,190,3686,86000,173000,703648000,380250000,2198,4067.372266,172998.1802,650000,148029000,30210000,53,259.7,570000
2016,16667,2932667,912000,75,241.173273,12160,1000000,493528000,121260000,129,525.0297872,940000,280000,,343000,646,,530.9597523,687000,184805000,1587000,2.31,268.9978261,687012.987,35000,1188000,540000,60,132,9000,101000,74437000,349470000,3530,751.8888889,99000,2400,18975000,575000,250,8250,2300,1690000,569380000,58100000,35,343,1660000,3800,7326000,244200,66,1980,3700,98000,309510000,17100000,180,3258,95000,166000,643602000,331800000,1999,3877.517776,165982.9915,420000,67099000,14555000,41,189.0112676,355000
2017,14333,2438333,816000,77,230.0877953,10597.4026,890000,505747000,119280000,142,602.0797619,840000,375000,,741000,969,,764.7058824,657000,177410000,1514000,2.3,269.51321,658260.8696,35000,1716000,660000,66,171.6,10000,119000,113689000,479700000,4100,971.7008547,117000,2200,25487000,567000,270,12136.66667,2100,1700000,642200000,67600000,40,380,1690000,3000,12313000,271600,97,4397.5,2800,90000,301257000,19690000,220,3366,89500,163900,719994000,360040000,2197,4393.475219,163878.0155,450000,96938000,20625000,55,258.5013333,375000
2018,12000,1944000,720000,80,216,9000,910000,411738000,93790000,113,496.0698795,830000,430000,,702000,812,,864.5320197,806000,268603000,2183000,2.71,333.4466926,805535.0554,30000,2251000,726000,66,204.6363636,11000,102000,87230000,379260000,3870,890.1020408,98000,2300,15685000,400000,200,7842.5,2000,1650000,448675000,51810000,33,285.7802548,1570000,3800,18306000,612500,175,5230.285714,3500,82000,261562000,10990000,140,3332,78500,148600,468204000,245100000,1649,3150.013856,148635.5367,460000,101232000,21090000,57,273.6,370000
2019,11000,1287000,396000,66,214.5,6000,990000,455244000,103230000,111,489.5096774,930000,510000,,1040000,998,,1042.084168,796000,206472000,1831000,2.3,259.3586019,796086.9565,22000,1541000,497000,71,220.1428571,7000,104000,99185000,448800000,4400,972.4019608,102000,2200,19028000,493500,235,9060.952381,2100,1540000,460324000,52850000,35,304.8503311,1510000,4600,20311000,572000,130,4616.136364,4400,99000,361510000,17766000,180,3662.715299,98700,116400,435240000,232700000,1999,3738.911732,116408.2041,290000,66780000,12600000,56,296.8,225000
2020,15000,2079000,693000,77,231,9000,990000,499234000,106220000,113,531.1,940000,360000,,522000,759,,687.7470356,655000,185502000,1574000,2.4,282.8493011,655833.3333,37000,2452000,804000,67,204.3333333,12000,107000,90090000,409500000,3900,858,105000,2000,32466000,540500,235,14115.65217,2300,1600000,668192000,59660000,38,425.6,1570000,3900,14387000,450000,125,3996.388889,3600,107000,336079000,17008000,160,3161.608655,106300,99350,352274000,178795000,1800,3546.481725,99330.55556,450000,103740000,21000000,60,296.4,350000
2021,13000,1979000,455000,65,282.7142857,7000,960000,849524000,134845000,149,938.7005525,905000,375000,,773000,1017,,760.0786627,668000,180730000,1408000,2.11,270.8382813,667298.5782,33000,3713000,952000,68,265.2142857,14000,115000,125463000,495900000,4350,1100.552632,114000,2100,16286000,380000,200,8571.578947,1900,1650000,860640000,65200000,40,528,1630000,3600,9408000,437500,125,2688,3500,106000,234061000,18497500,175,2214.389782,105700,118200,496243000,248120000,2099,4198.025379,118208.6708,450000,138331000,19320000,56,400.9594203,345000
2022,16000,4023000,759000,69,365.7272727,11000,820000,716751000,97650000,126,924.84,775000,470000,,1005000,1049,,958.0552908,646000,195448000,1426000,2.21,302.9032819,645248.8688,40000,3981000,847000,77,361.9090909,11000,117000,135855000,506920000,4370,1171.163793,116000,2000,27065000,380000,200,14244.73684,1900,1700000,931392000,64680000,38.5,554.4,1680000,3400,15433000,412500,125,4676.666667,3300,88000,233877000,16095000,185,2688.241379,87000,115160,519834000,247522000,2149,4513.228182,115180.0838,480000,201360000,24000000,64,536.96,375000
2023,16000,3344000,760000,76,334.4,10000,950000,760725000,132300000,147,845.25,900000,380000,,719000,933,,770.6323687,657000,205980000,1383000,2.11,314.2572668,655450.237,37000,4528000,1078000,77,323.4285714,14000,124000,144390000,528900000,4300,1173.902439,123000,2100,20382000,430000,215,10191,2000,1640000,809540000,62755000,38.5,496.6503067,1630000,3600,13279000,402500,115,3794,3500,78000,305300000,15171000,195,1167.187397,261568.9655,113120,556588000,260098000,2299,4919.668017,113135.2762,480000,186200000,28000000,70,465.5,400000
,,,,,,,,,,,,,,,,,,,,,,,,,,,,,,,,,,,,,,,,,,,,,,,,,,,,,,,,,,,,,,,,,,,,,,,,
CHECK,,,,47.5,,,,,,,,,,,,,,,,,,,,,,,,,,,,,,,,,,,,,,,,,,,,,,,,,,,,,,,,,,,,,,,,,,,,
