MapDate,StateAbbreviation,None,D0-Abnormally Dry,D1-Moderately Dry,D2-Severe Drought,D3-Extreme Drought,D4-Exceptional Drought,ValidStart,ValidEnd,StatisticFormatID
20240813,NC,88.83,11.17,0,0,0,0,8/13/2024,8/19/2024,1
20240806,NC,71.2,28.8,2.4,0,0,0,8/6/2024,8/12/2024,1
20240730,NC,55.55,44.45,6.11,0.32,0,0,7/30/2024,8/5/2024,1
20240723,NC,22.2,77.8,26.25,3.58,0,0,7/23/2024,7/29/2024,1
20240716,NC,1.5,98.5,68.46,21.29,1.34,0,7/16/2024,7/22/2024,1
20240709,NC,0,100,88.01,20.1,0.86,0,7/9/2024,7/15/2024,1
20240702,NC,0.02,99.98,74.52,8.99,0,0,7/2/2024,7/8/2024,1
20240625,NC,1.12,98.88,56.54,0,0,0,6/25/2024,7/1/2024,1
20240618,NC,34.61,65.39,0,0,0,0,6/18/2024,6/24/2024,1
20240611,NC,95.49,4.51,0,0,0,0,6/11/2024,6/17/2024,1
20240604,NC,98.78,1.22,0,0,0,0,6/4/2024,6/10/2024,1
20240528,NC,98.89,1.11,0,0,0,0,5/28/2024,6/3/2024,1
20240521,NC,96.12,3.88,0,0,0,0,5/21/2024,5/27/2024,1
20240514,NC,68.31,31.69,0,0,0,0,5/14/2024,5/20/2024,1
20240507,NC,64.68,35.32,0,0,0,0,5/7/2024,5/13/2024,1
20240430,NC,39.1,60.9,0,0,0,0,4/30/2024,5/6/2024,1
20240423,NC,59.89,40.11,0,0,0,0,4/23/2024,4/29/2024,1
20240416,NC,72.16,27.84,0,0,0,0,4/16/2024,4/22/2024,1
20240409,NC,88.52,11.48,0,0,0,0,4/9/2024,4/15/2024,1
20240402,NC,88.52,11.48,1.27,0,0,0,4/2/2024,4/8/2024,1
20240326,NC,86.73,13.27,1.27,0,0,0,3/26/2024,4/1/2024,1
20240319,NC,84.12,15.88,1.45,0,0,0,3/19/2024,3/25/2024,1
20240312,NC,88.42,11.58,1.45,0,0,0,3/12/2024,3/18/2024,1
20240305,NC,70.94,29.06,2.84,0,0,0,3/5/2024,3/11/2024,1
20240227,NC,65.46,34.54,8.59,0,0,0,2/27/2024,3/4/2024,1
20240220,NC,67.52,32.48,0,0,0,0,2/20/2024,2/26/2024,1
20240213,NC,92.59,7.41,0,0,0,0,2/13/2024,2/19/2024,1
20240206,NC,97.18,2.82,0,0,0,0,2/6/2024,2/12/2024,1
20240130,NC,97.14,2.86,0,0,0,0,1/30/2024,2/5/2024,1
20240123,NC,91.17,8.83,2.02,0,0,0,1/23/2024,1/29/2024,1
20240116,NC,90.5,9.5,2.02,0,0,0,1/16/2024,1/22/2024,1
20240109,NC,82.2,17.8,7.76,0.5,0,0,1/9/2024,1/15/2024,1
20240102,NC,53.95,46.05,13.26,3.54,0,0,1/2/2024,1/8/2024,1
20231226,NC,40.42,59.58,27.33,3.54,0,0,12/26/2023,1/1/2024,1
20231219,NC,40.44,59.56,30.61,14.97,0,0,12/19/2023,12/25/2023,1
20231212,NC,8.05,91.95,52.81,17.89,0,0,12/12/2023,12/18/2023,1
20231205,NC,20.04,79.96,57.96,31.11,8.84,0,12/5/2023,12/11/2023,1
20231128,NC,20.04,79.96,57.9,31.37,5.62,0,11/28/2023,12/4/2023,1
20231121,NC,6.33,93.67,73.91,45.72,8.84,0,11/21/2023,11/27/2023,1
20231114,NC,6.39,93.61,71.56,32.18,4.8,0,11/14/2023,11/20/2023,1
20231107,NC,6.39,93.61,63.14,23.27,0,0,11/7/2023,11/13/2023,1
20231031,NC,8.6,91.4,50.59,10.38,0,0,10/31/2023,11/6/2023,1
20231024,NC,41.25,58.75,19.76,1.53,0,0,10/24/2023,10/30/2023,1
20231017,NC,41.25,58.75,13.74,0,0,0,10/17/2023,10/23/2023,1
20231010,NC,38.38,61.62,9.26,0,0,0,10/10/2023,10/16/2023,1
20231003,NC,58.93,41.07,1.56,0,0,0,10/3/2023,10/9/2023,1
20230926,NC,82.24,17.76,0.36,0,0,0,9/26/2023,10/2/2023,1
20230919,NC,78.95,21.05,2.31,0,0,0,9/19/2023,9/25/2023,1
20230912,NC,79.29,20.71,2.31,0,0,0,9/12/2023,9/18/2023,1
20230905,NC,70.6,29.4,1.97,0,0,0,9/5/2023,9/11/2023,1
20230829,NC,49.94,50.06,10.6,0,0,0,8/29/2023,9/4/2023,1
20230822,NC,47.33,52.67,5.26,0,0,0,8/22/2023,8/28/2023,1
20230815,NC,59.93,40.07,1.39,0,0,0,8/15/2023,8/21/2023,1
20230808,NC,83.57,16.43,0,0,0,0,8/8/2023,8/14/2023,1
20230801,NC,90.35,9.65,0,0,0,0,8/1/2023,8/7/2023,1
20230725,NC,96.39,3.61,0,0,0,0,7/25/2023,7/31/2023,1
20230718,NC,97.61,2.39,0,0,0,0,7/18/2023,7/24/2023,1
20230711,NC,95.78,4.22,0,0,0,0,7/11/2023,7/17/2023,1
20230704,NC,92.11,7.89,0,0,0,0,7/4/2023,7/10/2023,1
20230627,NC,92.11,7.89,0,0,0,0,6/27/2023,7/3/2023,1
20230620,NC,64.65,35.35,0,0,0,0,6/20/2023,6/26/2023,1
20230613,NC,75.52,24.48,0,0,0,0,6/13/2023,6/19/2023,1
20230606,NC,85.67,14.33,0,0,0,0,6/6/2023,6/12/2023,1
20230530,NC,97.53,2.47,0,0,0,0,5/30/2023,6/5/2023,1
20230523,NC,96.04,3.96,0,0,0,0,5/23/2023,5/29/2023,1
20230516,NC,94.94,5.06,0,0,0,0,5/16/2023,5/22/2023,1
20230509,NC,100,0,0,0,0,0,5/9/2023,5/15/2023,1
20230502,NC,100,0,0,0,0,0,5/2/2023,5/8/2023,1
20230425,NC,88.88,11.12,2.96,0,0,0,4/25/2023,5/1/2023,1
20230418,NC,86.22,13.78,2.96,0,0,0,4/18/2023,4/24/2023,1
20230411,NC,86.21,13.79,1.29,0,0,0,4/11/2023,4/17/2023,1
20230404,NC,20.13,79.87,4.87,0,0,0,4/4/2023,4/10/2023,1
20230328,NC,42.15,57.85,2.4,0,0,0,3/28/2023,4/3/2023,1
20230321,NC,60.03,39.97,2.4,0,0,0,3/21/2023,3/27/2023,1
20230314,NC,74.33,25.67,0,0,0,0,3/14/2023,3/20/2023,1
20230307,NC,74.33,25.67,0,0,0,0,3/7/2023,3/13/2023,1
20230228,NC,89.48,10.52,0,0,0,0,2/28/2023,3/6/2023,1
20230221,NC,89.48,10.52,0,0,0,0,2/21/2023,2/27/2023,1
20230214,NC,89.48,10.52,0,0,0,0,2/14/2023,2/20/2023,1
20230207,NC,80.7,19.3,5.13,0,0,0,2/7/2023,2/13/2023,1
20230131,NC,63.4,36.6,14.97,0,0,0,1/31/2023,2/6/2023,1
20230124,NC,56.85,43.15,25.79,0,0,0,1/24/2023,1/30/2023,1
20230117,NC,56.85,43.15,29.91,0,0,0,1/17/2023,1/23/2023,1
20230110,NC,61.96,38.04,21.59,0,0,0,1/10/2023,1/16/2023,1
20230103,NC,56.06,43.94,24.97,0,0,0,1/3/2023,1/9/2023,1
20221227,NC,56.06,43.94,28.07,0,0,0,12/27/2022,1/2/2023,1
20221220,NC,53.71,46.29,28.07,0,0,0,12/20/2022,12/26/2022,1
20221213,NC,50.97,49.03,28.06,0,0,0,12/13/2022,12/19/2022,1
20221206,NC,46.38,53.62,21.11,0,0,0,12/6/2022,12/12/2022,1
20221129,NC,42.95,57.05,22.72,2.5,0,0,11/29/2022,12/5/2022,1
20221122,NC,33.96,66.04,15.93,2.5,0,0,11/22/2022,11/28/2022,1
20221115,NC,33.96,66.04,15.93,2.5,0,0,11/15/2022,11/21/2022,1
20221108,NC,26.96,73.04,22.11,4.06,0,0,11/8/2022,11/14/2022,1
20221101,NC,16.29,83.71,19.46,1.79,0,0,11/1/2022,11/7/2022,1
20221025,NC,52.48,47.52,11.22,0.51,0,0,10/25/2022,10/31/2022,1
20221018,NC,72.69,27.31,6.87,0,0,0,10/18/2022,10/24/2022,1
20221011,NC,92.53,7.47,0,0,0,0,10/11/2022,10/17/2022,1
20221004,NC,97.55,2.45,0,0,0,0,10/4/2022,10/10/2022,1
20220927,NC,38.94,61.06,15.04,0,0,0,9/27/2022,10/3/2022,1
20220920,NC,66.53,33.47,10.08,0,0,0,9/20/2022,9/26/2022,1
20220913,NC,74.03,25.97,0,0,0,0,9/13/2022,9/19/2022,1
20220906,NC,61.72,38.28,0,0,0,0,9/6/2022,9/12/2022,1
20220830,NC,71.07,28.93,0.01,0,0,0,8/30/2022,9/5/2022,1
20220823,NC,71.07,28.93,0,0,0,0,8/23/2022,8/29/2022,1
20220816,NC,60.1,39.9,2.54,0,0,0,8/16/2022,8/22/2022,1
20220809,NC,55.31,44.69,1.63,0,0,0,8/9/2022,8/15/2022,1
20220802,NC,53.93,46.07,1.63,0,0,0,8/2/2022,8/8/2022,1
20220726,NC,52.29,47.71,6.45,0,0,0,7/26/2022,8/1/2022,1
20220719,NC,51.46,48.54,7.47,0,0,0,7/19/2022,7/25/2022,1
20220712,NC,46.44,53.56,21.21,0,0,0,7/12/2022,7/18/2022,1
20220705,NC,4.95,95.05,53.27,14.14,0,0,7/5/2022,7/11/2022,1
20220628,NC,3.25,96.75,40.6,17.11,0,0,6/28/2022,7/4/2022,1
20220621,NC,34.44,65.56,35.61,8.16,0,0,6/21/2022,6/27/2022,1
20220614,NC,46.16,53.84,27.52,8.16,0,0,6/14/2022,6/20/2022,1
20220607,NC,56.23,43.77,28.15,12.43,0,0,6/7/2022,6/13/2022,1
20220531,NC,60.56,39.44,25.77,11.52,0,0,5/31/2022,6/6/2022,1
20220524,NC,51,49,26.35,12.48,0,0,5/24/2022,5/30/2022,1
20220517,NC,37.6,62.4,26.27,11.96,0,0,5/17/2022,5/23/2022,1
20220510,NC,50.79,49.21,26.62,11.02,0,0,5/10/2022,5/16/2022,1
20220503,NC,54.16,45.84,26.62,11.02,0,0,5/3/2022,5/9/2022,1
20220426,NC,56.68,43.32,26.62,10.17,0,0,4/26/2022,5/2/2022,1
20220419,NC,55.52,44.48,25.03,8.13,0,0,4/19/2022,4/25/2022,1
20220412,NC,54.44,45.56,24,8.13,0,0,4/12/2022,4/18/2022,1
20220405,NC,54.62,45.38,30.66,11.02,0,0,4/5/2022,4/11/2022,1
20220329,NC,59,41,30.66,3.54,0,0,3/29/2022,4/4/2022,1
20220322,NC,56.25,43.75,30.35,2.85,0,0,3/22/2022,3/28/2022,1
20220315,NC,41.86,58.14,20.21,0,0,0,3/15/2022,3/21/2022,1
20220308,NC,33.55,66.45,20.21,0,0,0,3/8/2022,3/14/2022,1
20220301,NC,48.29,51.71,9.1,0,0,0,3/1/2022,3/7/2022,1
20220222,NC,39.25,60.75,9.1,0,0,0,2/22/2022,2/28/2022,1
20220215,NC,56.69,43.31,1.99,0,0,0,2/15/2022,2/21/2022,1
20220208,NC,56.69,43.31,1.99,0,0,0,2/8/2022,2/14/2022,1
20220201,NC,33.44,66.56,14.22,0,0,0,2/1/2022,2/7/2022,1
20220125,NC,40.4,59.6,14.22,0,0,0,1/25/2022,1/31/2022,1
20220118,NC,17.66,82.34,22.84,0,0,0,1/18/2022,1/24/2022,1
20220111,NC,7.09,92.91,57.14,1.03,0,0,1/11/2022,1/17/2022,1
20220104,NC,2.84,97.16,60.2,2.76,0,0,1/4/2022,1/10/2022,1
20211228,NC,0.7,99.3,86.81,41.64,0,0,12/28/2021,1/3/2022,1
20211221,NC,0.7,99.3,86.81,41.64,0,0,12/21/2021,12/27/2021,1
20211214,NC,0.64,99.36,81.68,41.64,0,0,12/14/2021,12/20/2021,1
20211207,NC,1.27,98.73,79.46,51.24,0,0,12/7/2021,12/13/2021,1
20211130,NC,13.44,86.56,64.8,16.93,0,0,11/30/2021,12/6/2021,1
20211123,NC,18.9,81.1,47.26,0,0,0,11/23/2021,11/29/2021,1
20211116,NC,23.87,76.13,38.45,0,0,0,11/16/2021,11/22/2021,1
20211109,NC,33.03,66.97,29.85,0,0,0,11/9/2021,11/15/2021,1
20211102,NC,37.76,62.24,22.77,0,0,0,11/2/2021,11/8/2021,1
20211026,NC,43.25,56.75,6.39,0,0,0,10/26/2021,11/1/2021,1
20211019,NC,56.4,43.6,0,0,0,0,10/19/2021,10/25/2021,1
20211012,NC,56.39,43.61,0,0,0,0,10/12/2021,10/18/2021,1
20211005,NC,51.56,48.44,0,0,0,0,10/5/2021,10/11/2021,1
20210928,NC,91.27,8.73,0,0,0,0,9/28/2021,10/4/2021,1
20210921,NC,77.77,22.23,0,0,0,0,9/21/2021,9/27/2021,1
20210914,NC,77.77,22.23,0,0,0,0,9/14/2021,9/20/2021,1
20210907,NC,75.74,24.26,0,0,0,0,9/7/2021,9/13/2021,1
20210831,NC,94.97,5.03,0,0,0,0,8/31/2021,9/6/2021,1
20210824,NC,94.97,5.03,0,0,0,0,8/24/2021,8/30/2021,1
20210817,NC,93.18,6.82,0,0,0,0,8/17/2021,8/23/2021,1
20210810,NC,78.88,21.12,0,0,0,0,8/10/2021,8/16/2021,1
20210803,NC,81.81,18.19,0,0,0,0,8/3/2021,8/9/2021,1
20210727,NC,82.23,17.77,0,0,0,0,7/27/2021,8/2/2021,1
20210720,NC,75.84,24.16,0,0,0,0,7/20/2021,7/26/2021,1
20210713,NC,73.73,26.27,0,0,0,0,7/13/2021,7/19/2021,1
20210706,NC,52.4,47.6,2.38,0,0,0,7/6/2021,7/12/2021,1
20210629,NC,45.2,54.8,4.54,0,0,0,6/29/2021,7/5/2021,1
20210622,NC,53.1,46.9,3.89,0,0,0,6/22/2021,6/28/2021,1
20210615,NC,46.04,53.96,11,0,0,0,6/15/2021,6/21/2021,1
20210608,NC,27.06,72.94,26.24,1.17,0,0,6/8/2021,6/14/2021,1
20210601,NC,17.65,82.35,54.19,7.49,0,0,6/1/2021,6/7/2021,1
20210525,NC,20.38,79.62,48.4,0,0,0,5/25/2021,5/31/2021,1
20210518,NC,33.78,66.22,12.28,0,0,0,5/18/2021,5/24/2021,1
20210511,NC,41.9,58.1,12.28,0,0,0,5/11/2021,5/17/2021,1
20210504,NC,49.22,50.78,0,0,0,0,5/4/2021,5/10/2021,1
20210427,NC,49.22,50.78,0,0,0,0,4/27/2021,5/3/2021,1
20210420,NC,88.01,11.99,0,0,0,0,4/20/2021,4/26/2021,1
20210413,NC,100,0,0,0,0,0,4/13/2021,4/19/2021,1
20210406,NC,100,0,0,0,0,0,4/6/2021,4/12/2021,1
20210330,NC,100,0,0,0,0,0,3/30/2021,4/5/2021,1
20210323,NC,100,0,0,0,0,0,3/23/2021,3/29/2021,1
20210316,NC,100,0,0,0,0,0,3/16/2021,3/22/2021,1
20210309,NC,100,0,0,0,0,0,3/9/2021,3/15/2021,1
20210302,NC,100,0,0,0,0,0,3/2/2021,3/8/2021,1
20210223,NC,100,0,0,0,0,0,2/23/2021,3/1/2021,1
20210216,NC,99.68,0.32,0,0,0,0,2/16/2021,2/22/2021,1
20210209,NC,98.06,1.94,0,0,0,0,2/9/2021,2/15/2021,1
20210202,NC,98.06,1.94,0,0,0,0,2/2/2021,2/8/2021,1
20210126,NC,98.06,1.94,0,0,0,0,1/26/2021,2/1/2021,1
20210119,NC,100,0,0,0,0,0,1/19/2021,1/25/2021,1
20210112,NC,100,0,0,0,0,0,1/12/2021,1/18/2021,1
20210105,NC,100,0,0,0,0,0,1/5/2021,1/11/2021,1
20201229,NC,100,0,0,0,0,0,12/29/2020,1/4/2021,1
20201222,NC,100,0,0,0,0,0,12/22/2020,12/28/2020,1
20201215,NC,100,0,0,0,0,0,12/15/2020,12/21/2020,1
20201208,NC,100,0,0,0,0,0,12/8/2020,12/14/2020,1
20201201,NC,100,0,0,0,0,0,12/1/2020,12/7/2020,1
20201124,NC,100,0,0,0,0,0,11/24/2020,11/30/2020,1
20201117,NC,100,0,0,0,0,0,11/17/2020,11/23/2020,1
20201110,NC,100,0,0,0,0,0,11/10/2020,11/16/2020,1
20201103,NC,100,0,0,0,0,0,11/3/2020,11/9/2020,1
20201027,NC,100,0,0,0,0,0,10/27/2020,11/2/2020,1
20201020,NC,100,0,0,0,0,0,10/20/2020,10/26/2020,1
20201013,NC,100,0,0,0,0,0,10/13/2020,10/19/2020,1
20201006,NC,100,0,0,0,0,0,10/6/2020,10/12/2020,1
20200929,NC,100,0,0,0,0,0,9/29/2020,10/5/2020,1
20200922,NC,100,0,0,0,0,0,9/22/2020,9/28/2020,1
20200915,NC,100,0,0,0,0,0,9/15/2020,9/21/2020,1
20200908,NC,100,0,0,0,0,0,9/8/2020,9/14/2020,1
20200901,NC,100,0,0,0,0,0,9/1/2020,9/7/2020,1
20200825,NC,100,0,0,0,0,0,8/25/2020,8/31/2020,1
20200818,NC,100,0,0,0,0,0,8/18/2020,8/24/2020,1
20200811,NC,100,0,0,0,0,0,8/11/2020,8/17/2020,1
20200804,NC,100,0,0,0,0,0,8/4/2020,8/10/2020,1
20200728,NC,90.39,9.61,0,0,0,0,7/28/2020,8/3/2020,1
20200721,NC,100,0,0,0,0,0,7/21/2020,7/27/2020,1
20200714,NC,100,0,0,0,0,0,7/14/2020,7/20/2020,1
20200707,NC,100,0,0,0,0,0,7/7/2020,7/13/2020,1
20200630,NC,100,0,0,0,0,0,6/30/2020,7/6/2020,1
20200623,NC,100,0,0,0,0,0,6/23/2020,6/29/2020,1
20200616,NC,100,0,0,0,0,0,6/16/2020,6/22/2020,1
20200609,NC,100,0,0,0,0,0,6/9/2020,6/15/2020,1
20200602,NC,100,0,0,0,0,0,6/2/2020,6/8/2020,1
20200526,NC,100,0,0,0,0,0,5/26/2020,6/1/2020,1
20200519,NC,100,0,0,0,0,0,5/19/2020,5/25/2020,1
20200512,NC,100,0,0,0,0,0,5/12/2020,5/18/2020,1
20200505,NC,100,0,0,0,0,0,5/5/2020,5/11/2020,1
20200428,NC,100,0,0,0,0,0,4/28/2020,5/4/2020,1
20200421,NC,100,0,0,0,0,0,4/21/2020,4/27/2020,1
20200414,NC,100,0,0,0,0,0,4/14/2020,4/20/2020,1
20200407,NC,100,0,0,0,0,0,4/7/2020,4/13/2020,1
20200331,NC,100,0,0,0,0,0,3/31/2020,4/6/2020,1
20200324,NC,100,0,0,0,0,0,3/24/2020,3/30/2020,1
20200317,NC,100,0,0,0,0,0,3/17/2020,3/23/2020,1
20200310,NC,100,0,0,0,0,0,3/10/2020,3/16/2020,1
20200303,NC,100,0,0,0,0,0,3/3/2020,3/9/2020,1
20200225,NC,100,0,0,0,0,0,2/25/2020,3/2/2020,1
20200218,NC,100,0,0,0,0,0,2/18/2020,2/24/2020,1
20200211,NC,100,0,0,0,0,0,2/11/2020,2/17/2020,1
20200204,NC,77.81,22.19,0,0,0,0,2/4/2020,2/10/2020,1
20200128,NC,75.65,24.35,0,0,0,0,1/28/2020,2/3/2020,1
20200121,NC,81.69,18.31,0,0,0,0,1/21/2020,1/27/2020,1
20200114,NC,93.61,6.39,0,0,0,0,1/14/2020,1/20/2020,1
20200107,NC,93.61,6.39,0,0,0,0,1/7/2020,1/13/2020,1
20191231,NC,93.61,6.39,0,0,0,0,12/31/2019,1/6/2020,1
20191224,NC,93.61,6.39,0,0,0,0,12/24/2019,12/30/2019,1
20191217,NC,93.61,6.39,0,0,0,0,12/17/2019,12/23/2019,1
20191210,NC,100,0,0,0,0,0,12/10/2019,12/16/2019,1
20191203,NC,100,0,0,0,0,0,12/3/2019,12/9/2019,1
20191126,NC,82.35,17.65,0,0,0,0,11/26/2019,12/2/2019,1
20191119,NC,75.97,24.03,2.99,0,0,0,11/19/2019,11/25/2019,1
20191112,NC,71.45,28.55,4.62,0,0,0,11/12/2019,11/18/2019,1
20191105,NC,67.94,32.06,4.69,0,0,0,11/5/2019,11/11/2019,1
20191029,NC,37.99,62.01,11.8,0,0,0,10/29/2019,11/4/2019,1
20191022,NC,38.24,61.76,34.6,6.08,0,0,10/22/2019,10/28/2019,1
20191015,NC,24.77,75.23,57.22,9.64,0,0,10/15/2019,10/21/2019,1
20191008,NC,28.67,71.33,51.22,10.83,0,0,10/8/2019,10/14/2019,1
20191001,NC,37.68,62.32,41.69,4.4,0,0,10/1/2019,10/7/2019,1
20190924,NC,39.12,60.88,28.83,0.16,0,0,9/24/2019,9/30/2019,1
20190917,NC,56.58,43.42,0.29,0,0,0,9/17/2019,9/23/2019,1
20190910,NC,83.08,16.92,0,0,0,0,9/10/2019,9/16/2019,1
20190903,NC,81.99,18.01,6.71,0,0,0,9/3/2019,9/9/2019,1
20190827,NC,82.44,17.56,6.71,0,0,0,8/27/2019,9/2/2019,1
20190820,NC,71.9,28.1,6.71,0,0,0,8/20/2019,8/26/2019,1
20190813,NC,69.38,30.62,12.63,0,0,0,8/13/2019,8/19/2019,1
20190806,NC,77.08,22.92,8.91,0,0,0,8/6/2019,8/12/2019,1
20190730,NC,77.08,22.92,8.91,0,0,0,7/30/2019,8/5/2019,1
20190723,NC,63.29,36.71,8.71,0,0,0,7/23/2019,7/29/2019,1
20190716,NC,73.91,26.09,7.17,0,0,0,7/16/2019,7/22/2019,1
20190709,NC,67.57,32.43,11.29,0,0,0,7/9/2019,7/15/2019,1
20190702,NC,68.19,31.81,11.87,0,0,0,7/2/2019,7/8/2019,1
20190625,NC,69.61,30.39,10.49,0,0,0,6/25/2019,7/1/2019,1
20190618,NC,69.66,30.34,10.49,0,0,0,6/18/2019,6/24/2019,1
20190611,NC,69.61,30.39,10.49,0,0,0,6/11/2019,6/17/2019,1
20190604,NC,51.43,48.57,11.23,0,0,0,6/4/2019,6/10/2019,1
20190528,NC,59.46,40.54,9.33,0,0,0,5/28/2019,6/3/2019,1
20190521,NC,77.27,22.73,0,0,0,0,5/21/2019,5/27/2019,1
20190514,NC,92.51,7.49,0,0,0,0,5/14/2019,5/20/2019,1
20190507,NC,100,0,0,0,0,0,5/7/2019,5/13/2019,1
20190430,NC,100,0,0,0,0,0,4/30/2019,5/6/2019,1
20190423,NC,100,0,0,0,0,0,4/23/2019,4/29/2019,1
20190416,NC,97.46,2.54,0,0,0,0,4/16/2019,4/22/2019,1
20190409,NC,97.46,2.54,0,0,0,0,4/9/2019,4/15/2019,1
20190402,NC,94.87,5.13,0,0,0,0,4/2/2019,4/8/2019,1
20190326,NC,98.05,1.95,0,0,0,0,3/26/2019,4/1/2019,1
20190319,NC,98.05,1.95,0,0,0,0,3/19/2019,3/25/2019,1
20190312,NC,98.05,1.95,0,0,0,0,3/12/2019,3/18/2019,1
20190305,NC,98.05,1.95,0,0,0,0,3/5/2019,3/11/2019,1
20190226,NC,98.05,1.95,0,0,0,0,2/26/2019,3/4/2019,1
20190219,NC,99.54,0.46,0,0,0,0,2/19/2019,2/25/2019,1
20190212,NC,100,0,0,0,0,0,2/12/2019,2/18/2019,1
20190205,NC,100,0,0,0,0,0,2/5/2019,2/11/2019,1
20190129,NC,100,0,0,0,0,0,1/29/2019,2/4/2019,1
20190122,NC,100,0,0,0,0,0,1/22/2019,1/28/2019,1
20190115,NC,100,0,0,0,0,0,1/15/2019,1/21/2019,1
20190108,NC,100,0,0,0,0,0,1/8/2019,1/14/2019,1
20190101,NC,100,0,0,0,0,0,1/1/2019,1/7/2019,1
20181225,NC,100,0,0,0,0,0,12/25/2018,12/31/2018,1
20181218,NC,100,0,0,0,0,0,12/18/2018,12/24/2018,1
20181211,NC,100,0,0,0,0,0,12/11/2018,12/17/2018,1
20181204,NC,100,0,0,0,0,0,12/4/2018,12/10/2018,1
20181127,NC,100,0,0,0,0,0,11/27/2018,12/3/2018,1
20181120,NC,100,0,0,0,0,0,11/20/2018,11/26/2018,1
20181113,NC,100,0,0,0,0,0,11/13/2018,11/19/2018,1
20181106,NC,100,0,0,0,0,0,11/6/2018,11/12/2018,1
20181030,NC,100,0,0,0,0,0,10/30/2018,11/5/2018,1
20181023,NC,100,0,0,0,0,0,10/23/2018,10/29/2018,1
20181016,NC,100,0,0,0,0,0,10/16/2018,10/22/2018,1
20181009,NC,99.5,0.5,0,0,0,0,10/9/2018,10/15/2018,1
20181002,NC,99.5,0.5,0,0,0,0,10/2/2018,10/8/2018,1
20180925,NC,100,0,0,0,0,0,9/25/2018,10/1/2018,1
20180918,NC,100,0,0,0,0,0,9/18/2018,9/24/2018,1
20180911,NC,89.57,10.43,0.88,0,0,0,9/11/2018,9/17/2018,1
20180904,NC,89.57,10.43,0.88,0,0,0,9/4/2018,9/10/2018,1
20180828,NC,98.89,1.11,0,0,0,0,8/28/2018,9/3/2018,1
20180821,NC,99.12,0.88,0,0,0,0,8/21/2018,8/27/2018,1
20180814,NC,99.12,0.88,0,0,0,0,8/14/2018,8/20/2018,1
20180807,NC,99.12,0.88,0,0,0,0,8/7/2018,8/13/2018,1
20180731,NC,91.22,8.78,0,0,0,0,7/31/2018,8/6/2018,1
20180724,NC,86.82,13.18,0,0,0,0,7/24/2018,7/30/2018,1
20180717,NC,81.74,18.26,0,0,0,0,7/17/2018,7/23/2018,1
20180710,NC,89.8,10.2,0,0,0,0,7/10/2018,7/16/2018,1
20180703,NC,93.42,6.58,0,0,0,0,7/3/2018,7/9/2018,1
20180626,NC,100,0,0,0,0,0,6/26/2018,7/2/2018,1
20180619,NC,100,0,0,0,0,0,6/19/2018,6/25/2018,1
20180612,NC,100,0,0,0,0,0,6/12/2018,6/18/2018,1
20180605,NC,100,0,0,0,0,0,6/5/2018,6/11/2018,1
20180529,NC,97.06,2.94,0,0,0,0,5/29/2018,6/4/2018,1
20180522,NC,96.88,3.12,0,0,0,0,5/22/2018,5/28/2018,1
20180515,NC,88.51,11.49,0.94,0,0,0,5/15/2018,5/21/2018,1
20180508,NC,88.51,11.49,0.94,0,0,0,5/8/2018,5/14/2018,1
20180501,NC,88.51,11.49,0.94,0,0,0,5/1/2018,5/7/2018,1
20180424,NC,88.42,11.58,0.94,0,0,0,4/24/2018,4/30/2018,1
20180417,NC,85.32,14.68,1.63,0,0,0,4/17/2018,4/23/2018,1
20180410,NC,71.11,28.89,1.66,0,0,0,4/10/2018,4/16/2018,1
20180403,NC,69.17,30.83,3.35,0,0,0,4/3/2018,4/9/2018,1
20180327,NC,69.47,30.53,0,0,0,0,3/27/2018,4/2/2018,1
20180320,NC,70.2,29.8,0,0,0,0,3/20/2018,3/26/2018,1
20180313,NC,70.2,29.8,0.49,0,0,0,3/13/2018,3/19/2018,1
20180306,NC,66.07,33.93,1.64,0,0,0,3/6/2018,3/12/2018,1
20180227,NC,66.07,33.93,1.64,0,0,0,2/27/2018,3/5/2018,1
20180220,NC,66.07,33.93,1.64,0,0,0,2/20/2018,2/26/2018,1
20180213,NC,63.55,36.45,1.64,0,0,0,2/13/2018,2/19/2018,1
20180206,NC,41.33,58.67,11.43,0,0,0,2/6/2018,2/12/2018,1
20180130,NC,38.65,61.35,13.38,0,0,0,1/30/2018,2/5/2018,1
20180123,NC,21.57,78.43,36.05,0,0,0,1/23/2018,1/29/2018,1
20180116,NC,21.57,78.43,35.34,0,0,0,1/16/2018,1/22/2018,1
20180109,NC,17.91,82.09,35.34,0,0,0,1/9/2018,1/15/2018,1
20180102,NC,15.67,84.33,35.34,0,0,0,1/2/2018,1/8/2018,1
20171226,NC,22.86,77.14,28.6,0,0,0,12/26/2017,1/1/2018,1
20171219,NC,24.63,75.37,26.7,0,0,0,12/19/2017,12/25/2017,1
20171212,NC,27.75,72.25,21.93,0,0,0,12/12/2017,12/18/2017,1
20171205,NC,27.75,72.25,21.93,0,0,0,12/5/2017,12/11/2017,1
20171128,NC,27.79,72.21,21.93,0,0,0,11/28/2017,12/4/2017,1
20171121,NC,39.87,60.13,13.64,0,0,0,11/21/2017,11/27/2017,1
20171114,NC,43.18,56.82,13.49,0,0,0,11/14/2017,11/20/2017,1
20171107,NC,54,46,13.49,0,0,0,11/7/2017,11/13/2017,1
20171031,NC,56.38,43.62,8.42,0,0,0,10/31/2017,11/6/2017,1
20171024,NC,55.65,44.35,9.98,0,0,0,10/24/2017,10/30/2017,1
20171017,NC,57.54,42.46,10.57,0,0,0,10/17/2017,10/23/2017,1
20171010,NC,57.54,42.46,10.57,0,0,0,10/10/2017,10/16/2017,1
20171003,NC,64.07,35.93,0,0,0,0,10/3/2017,10/9/2017,1
20170926,NC,84.27,15.73,0,0,0,0,9/26/2017,10/2/2017,1
20170919,NC,84.36,15.64,0,0,0,0,9/19/2017,9/25/2017,1
20170912,NC,88.36,11.64,0,0,0,0,9/12/2017,9/18/2017,1
20170905,NC,88.36,11.64,0,0,0,0,9/5/2017,9/11/2017,1
20170829,NC,74.31,25.69,0,0,0,0,8/29/2017,9/4/2017,1
20170822,NC,74.43,25.57,0,0,0,0,8/22/2017,8/28/2017,1
20170815,NC,72.19,27.81,0,0,0,0,8/15/2017,8/21/2017,1
20170808,NC,64.72,35.28,0,0,0,0,8/8/2017,8/14/2017,1
20170801,NC,64.72,35.28,0,0,0,0,8/1/2017,8/7/2017,1
20170725,NC,97.34,2.66,0,0,0,0,7/25/2017,7/31/2017,1
20170718,NC,100,0,0,0,0,0,7/18/2017,7/24/2017,1
20170711,NC,100,0,0,0,0,0,7/11/2017,7/17/2017,1
20170704,NC,100,0,0,0,0,0,7/4/2017,7/10/2017,1
20170627,NC,100,0,0,0,0,0,6/27/2017,7/3/2017,1
20170620,NC,100,0,0,0,0,0,6/20/2017,6/26/2017,1
20170613,NC,100,0,0,0,0,0,6/13/2017,6/19/2017,1
20170606,NC,100,0,0,0,0,0,6/6/2017,6/12/2017,1
20170530,NC,99.99,0.01,0,0,0,0,5/30/2017,6/5/2017,1
20170523,NC,99.99,0.01,0,0,0,0,5/23/2017,5/29/2017,1
20170516,NC,96.1,3.9,0,0,0,0,5/16/2017,5/22/2017,1
20170509,NC,96.1,3.9,0,0,0,0,5/9/2017,5/15/2017,1
20170502,NC,95.08,4.92,0.25,0,0,0,5/2/2017,5/8/2017,1
20170425,NC,68.7,31.3,4.88,0.24,0,0,4/25/2017,5/1/2017,1
20170418,NC,43.48,56.52,34.73,4.64,0,0,4/18/2017,4/24/2017,1
20170411,NC,43.48,56.52,34.73,4.64,0,0,4/11/2017,4/17/2017,1
20170404,NC,43.48,56.52,36.05,5.09,0,0,4/4/2017,4/10/2017,1
20170328,NC,33.59,66.41,39.17,13.35,0,0,3/28/2017,4/3/2017,1
20170321,NC,33.63,66.37,38.81,14.91,4.74,0,3/21/2017,3/27/2017,1
20170314,NC,34.09,65.91,39.19,15.77,4.74,0,3/14/2017,3/20/2017,1
20170307,NC,16.3,83.7,26.52,15.77,4.74,0,3/7/2017,3/13/2017,1
20170228,NC,18.08,81.92,26.52,15.77,4.74,0,2/28/2017,3/6/2017,1
20170221,NC,28.64,71.36,16.51,9.68,0.01,0,2/21/2017,2/27/2017,1
20170214,NC,29.97,70.03,12.43,2.93,0.01,0,2/14/2017,2/20/2017,1
20170207,NC,72.76,27.24,12.43,2.91,0.01,0,2/7/2017,2/13/2017,1
20170131,NC,72.76,27.24,12.43,2.91,0.01,0,1/31/2017,2/6/2017,1
20170124,NC,72.76,27.24,12.43,2.91,0.01,0,1/24/2017,1/30/2017,1
20170117,NC,59,41,26.89,12.41,1.57,0,1/17/2017,1/23/2017,1
20170110,NC,59,41,26.9,12.41,1.57,0,1/10/2017,1/16/2017,1
20170103,NC,57.09,42.91,26.9,12.41,1.57,0,1/3/2017,1/9/2017,1
20161227,NC,37.95,62.05,33.33,12.66,4.45,0,12/27/2016,1/2/2017,1
20161220,NC,37.95,62.05,33.33,12.66,4.45,0,12/20/2016,12/26/2016,1
20161213,NC,47.93,52.07,33.33,12.66,4.46,0,12/13/2016,12/19/2016,1
20161206,NC,47.93,52.07,33.33,12.66,4.46,0,12/6/2016,12/12/2016,1
20161129,NC,48.11,51.89,32.61,18.04,12.75,4.46,11/29/2016,12/5/2016,1
20161122,NC,48.11,51.89,32.61,18.04,12.75,3.75,11/22/2016,11/28/2016,1
20161115,NC,58.76,41.24,29.76,18.03,12.69,3.71,11/15/2016,11/21/2016,1
20161108,NC,69.84,30.16,24.87,14.14,8.58,0.9,11/8/2016,11/14/2016,1
20161101,NC,71.68,28.32,19.11,12.01,5.43,0,11/1/2016,11/7/2016,1
20161025,NC,71.68,28.32,19.11,11.55,2.62,0,10/25/2016,10/31/2016,1
20161018,NC,77.95,22.05,18.25,10.34,2.1,0,10/18/2016,10/24/2016,1
20161011,NC,77.91,22.09,18.25,4.55,0,0,10/11/2016,10/17/2016,1
20161004,NC,77.91,22.09,18.2,4.55,0,0,10/4/2016,10/10/2016,1
20160927,NC,66.16,33.84,17.51,0.93,0,0,9/27/2016,10/3/2016,1
20160920,NC,52.77,47.23,15.15,0.93,0,0,9/20/2016,9/26/2016,1
20160913,NC,52.69,47.31,4.25,0.82,0,0,9/13/2016,9/19/2016,1
20160906,NC,87.32,12.68,4.2,0.82,0,0,9/6/2016,9/12/2016,1
20160830,NC,76.3,23.7,4.2,0.82,0,0,8/30/2016,9/5/2016,1
20160823,NC,86.57,13.43,4.2,0.82,0,0,8/23/2016,8/29/2016,1
20160816,NC,88.96,11.04,4.45,1.36,0,0,8/16/2016,8/22/2016,1
20160809,NC,88.86,11.14,5.38,1.36,0,0,8/9/2016,8/15/2016,1
20160802,NC,83.47,16.53,10.08,5.37,0,0,8/2/2016,8/8/2016,1
20160726,NC,83.47,16.53,10.08,5.37,0,0,7/26/2016,8/1/2016,1
20160719,NC,83.59,16.41,9.52,5.37,0,0,7/19/2016,7/25/2016,1
20160712,NC,83.67,16.33,10.32,7.12,0,0,7/12/2016,7/18/2016,1
20160705,NC,83.25,16.75,11.2,7.1,0,0,7/5/2016,7/11/2016,1
20160628,NC,72.56,27.44,10.94,2.15,0,0,6/28/2016,7/4/2016,1
20160621,NC,71.91,28.09,10.92,2.07,0,0,6/21/2016,6/27/2016,1
20160614,NC,81.54,18.46,10.92,0,0,0,6/14/2016,6/20/2016,1
20160607,NC,86.06,13.94,10.92,0,0,0,6/7/2016,6/13/2016,1
20160531,NC,86.06,13.94,10.92,0,0,0,5/31/2016,6/6/2016,1
20160524,NC,86.83,13.17,7.15,0,0,0,5/24/2016,5/30/2016,1
20160517,NC,78.24,21.76,13.4,0,0,0,5/17/2016,5/23/2016,1
20160510,NC,78.24,21.76,13.4,0,0,0,5/10/2016,5/16/2016,1
20160503,NC,25.98,74.02,13.4,0,0,0,5/3/2016,5/9/2016,1
20160426,NC,15.53,84.47,0,0,0,0,4/26/2016,5/2/2016,1
20160419,NC,15.53,84.47,0,0,0,0,4/19/2016,4/25/2016,1
20160412,NC,59.35,40.65,0,0,0,0,4/12/2016,4/18/2016,1
20160405,NC,64.32,35.68,0,0,0,0,4/5/2016,4/11/2016,1
20160329,NC,89.79,10.21,0,0,0,0,3/29/2016,4/4/2016,1
20160322,NC,100,0,0,0,0,0,3/22/2016,3/28/2016,1
20160315,NC,100,0,0,0,0,0,3/15/2016,3/21/2016,1
20160308,NC,100,0,0,0,0,0,3/8/2016,3/14/2016,1
20160301,NC,100,0,0,0,0,0,3/1/2016,3/7/2016,1
20160223,NC,100,0,0,0,0,0,2/23/2016,2/29/2016,1
20160216,NC,100,0,0,0,0,0,2/16/2016,2/22/2016,1
20160209,NC,100,0,0,0,0,0,2/9/2016,2/15/2016,1
20160202,NC,100,0,0,0,0,0,2/2/2016,2/8/2016,1
20160126,NC,100,0,0,0,0,0,1/26/2016,2/1/2016,1
20160119,NC,100,0,0,0,0,0,1/19/2016,1/25/2016,1
20160112,NC,100,0,0,0,0,0,1/12/2016,1/18/2016,1
20160105,NC,100,0,0,0,0,0,1/5/2016,1/11/2016,1
20151229,NC,100,0,0,0,0,0,12/29/2015,1/4/2016,1
20151222,NC,100,0,0,0,0,0,12/22/2015,12/28/2015,1
20151215,NC,100,0,0,0,0,0,12/15/2015,12/21/2015,1
20151208,NC,100,0,0,0,0,0,12/8/2015,12/14/2015,1
20151201,NC,100,0,0,0,0,0,12/1/2015,12/7/2015,1
20151124,NC,100,0,0,0,0,0,11/24/2015,11/30/2015,1
20151117,NC,100,0,0,0,0,0,11/17/2015,11/23/2015,1
20151110,NC,100,0,0,0,0,0,11/10/2015,11/16/2015,1
20151103,NC,100,0,0,0,0,0,11/3/2015,11/9/2015,1
20151027,NC,100,0,0,0,0,0,10/27/2015,11/2/2015,1
20151020,NC,100,0,0,0,0,0,10/20/2015,10/26/2015,1
20151013,NC,100,0,0,0,0,0,10/13/2015,10/19/2015,1
20151006,NC,100,0,0,0,0,0,10/6/2015,10/12/2015,1
20150929,NC,35.61,64.39,17.66,1.89,0,0,9/29/2015,10/5/2015,1
20150922,NC,15.36,84.64,41.06,10.32,0,0,9/22/2015,9/28/2015,1
20150915,NC,15.52,84.48,39.77,4.87,0,0,9/15/2015,9/21/2015,1
20150908,NC,16.67,83.33,34.04,3.72,0,0,9/8/2015,9/14/2015,1
20150901,NC,16.71,83.29,33.7,2.33,0,0,9/1/2015,9/7/2015,1
20150825,NC,19.02,80.98,27.54,2.33,0,0,8/25/2015,8/31/2015,1
20150818,NC,27.03,72.97,31.03,5.77,0,0,8/18/2015,8/24/2015,1
20150811,NC,35.16,64.84,22.77,5.17,0,0,8/11/2015,8/17/2015,1
20150804,NC,40.23,59.77,18.38,5.17,0,0,8/4/2015,8/10/2015,1
20150728,NC,61.29,38.71,17.54,2.03,0,0,7/28/2015,8/3/2015,1
20150721,NC,61.29,38.71,17.28,0,0,0,7/21/2015,7/27/2015,1
20150714,NC,61.29,38.71,15.86,0,0,0,7/14/2015,7/20/2015,1
20150707,NC,62.88,37.12,15.86,0,0,0,7/7/2015,7/13/2015,1
20150630,NC,50.31,49.69,15.86,0,0,0,6/30/2015,7/6/2015,1
20150623,NC,34.96,65.04,14.7,0,0,0,6/23/2015,6/29/2015,1
20150616,NC,38.82,61.18,0,0,0,0,6/16/2015,6/22/2015,1
20150609,NC,45.75,54.25,0,0,0,0,6/9/2015,6/15/2015,1
20150602,NC,38.97,61.03,0,0,0,0,6/2/2015,6/8/2015,1
20150526,NC,50.94,49.06,0,0,0,0,5/26/2015,6/1/2015,1
20150519,NC,89.26,10.74,0,0,0,0,5/19/2015,5/25/2015,1
20150512,NC,100,0,0,0,0,0,5/12/2015,5/18/2015,1
20150505,NC,100,0,0,0,0,0,5/5/2015,5/11/2015,1
20150428,NC,100,0,0,0,0,0,4/28/2015,5/4/2015,1
20150421,NC,99.87,0.13,0,0,0,0,4/21/2015,4/27/2015,1
20150414,NC,59.48,40.52,0,0,0,0,4/14/2015,4/20/2015,1
20150407,NC,59.48,40.52,0,0,0,0,4/7/2015,4/13/2015,1
20150331,NC,64.12,35.88,0,0,0,0,3/31/2015,4/6/2015,1
20150324,NC,66.85,33.15,0,0,0,0,3/24/2015,3/30/2015,1
20150317,NC,69.76,30.24,0,0,0,0,3/17/2015,3/23/2015,1
20150310,NC,69.76,30.24,0,0,0,0,3/10/2015,3/16/2015,1
20150303,NC,69.76,30.24,0,0,0,0,3/3/2015,3/9/2015,1
20150224,NC,69.76,30.24,0,0,0,0,2/24/2015,3/2/2015,1
20150217,NC,69.76,30.24,0,0,0,0,2/17/2015,2/23/2015,1
20150210,NC,84.8,15.2,0,0,0,0,2/10/2015,2/16/2015,1
20150203,NC,89.38,10.62,0,0,0,0,2/3/2015,2/9/2015,1
20150127,NC,89.38,10.62,0,0,0,0,1/27/2015,2/2/2015,1
20150120,NC,90.14,9.86,0,0,0,0,1/20/2015,1/26/2015,1
20150113,NC,92.65,7.35,0,0,0,0,1/13/2015,1/19/2015,1
20150106,NC,81.21,18.79,0,0,0,0,1/6/2015,1/12/2015,1
20141230,NC,81.21,18.79,0,0,0,0,12/30/2014,1/5/2015,1
20141223,NC,46.73,53.27,0,0,0,0,12/23/2014,12/29/2014,1
20141216,NC,46.73,53.27,0,0,0,0,12/16/2014,12/22/2014,1
20141209,NC,51.55,48.45,0,0,0,0,12/9/2014,12/15/2014,1
20141202,NC,51.55,48.45,0,0,0,0,12/2/2014,12/8/2014,1
20141125,NC,42.07,57.93,0,0,0,0,11/25/2014,12/1/2014,1
20141118,NC,34.58,65.42,0,0,0,0,11/18/2014,11/24/2014,1
20141111,NC,36.05,63.95,0,0,0,0,11/11/2014,11/17/2014,1
20141104,NC,52.99,47.01,0,0,0,0,11/4/2014,11/10/2014,1
20141028,NC,67.55,32.45,0,0,0,0,10/28/2014,11/3/2014,1
20141021,NC,87.7,12.3,0,0,0,0,10/21/2014,10/27/2014,1
20141014,NC,87.7,12.3,0,0,0,0,10/14/2014,10/20/2014,1
20141007,NC,87.7,12.3,0,0,0,0,10/7/2014,10/13/2014,1
20140930,NC,89.24,10.76,0,0,0,0,9/30/2014,10/6/2014,1
20140923,NC,88.72,11.28,0,0,0,0,9/23/2014,9/29/2014,1
20140916,NC,97.35,2.65,0,0,0,0,9/16/2014,9/22/2014,1
20140909,NC,97.35,2.65,0,0,0,0,9/9/2014,9/15/2014,1
20140902,NC,90.47,9.53,0,0,0,0,9/2/2014,9/8/2014,1
20140826,NC,91.26,8.74,0,0,0,0,8/26/2014,9/1/2014,1
20140819,NC,90.56,9.44,0,0,0,0,8/19/2014,8/25/2014,1
20140812,NC,84.22,15.78,0,0,0,0,8/12/2014,8/18/2014,1
20140805,NC,82.43,17.57,0,0,0,0,8/5/2014,8/11/2014,1
20140729,NC,73.35,26.65,0,0,0,0,7/29/2014,8/4/2014,1
20140722,NC,76.12,23.88,0,0,0,0,7/22/2014,7/28/2014,1
20140715,NC,71.26,28.74,0,0,0,0,7/15/2014,7/21/2014,1
20140708,NC,84.43,15.57,0,0,0,0,7/8/2014,7/14/2014,1
20140701,NC,94.26,5.74,0,0,0,0,7/1/2014,7/7/2014,1
20140624,NC,93.74,6.26,0,0,0,0,6/24/2014,6/30/2014,1
20140617,NC,95.59,4.41,0,0,0,0,6/17/2014,6/23/2014,1
20140610,NC,95.59,4.41,0,0,0,0,6/10/2014,6/16/2014,1
20140603,NC,97.41,2.59,0,0,0,0,6/3/2014,6/9/2014,1
20140527,NC,97.42,2.58,0,0,0,0,5/27/2014,6/2/2014,1
20140520,NC,97.42,2.58,0,0,0,0,5/20/2014,5/26/2014,1
20140513,NC,97.09,2.91,0,0,0,0,5/13/2014,5/19/2014,1
20140506,NC,97.09,2.91,0,0,0,0,5/6/2014,5/12/2014,1
20140429,NC,99.69,0.31,0,0,0,0,4/29/2014,5/5/2014,1
20140422,NC,99.69,0.31,0,0,0,0,4/22/2014,4/28/2014,1
20140415,NC,100,0,0,0,0,0,4/15/2014,4/21/2014,1
20140408,NC,100,0,0,0,0,0,4/8/2014,4/14/2014,1
20140401,NC,93.69,6.31,0,0,0,0,4/1/2014,4/7/2014,1
20140325,NC,97.79,2.21,0,0,0,0,3/25/2014,3/31/2014,1
20140318,NC,99.76,0.24,0,0,0,0,3/18/2014,3/24/2014,1
20140311,NC,99.76,0.24,0,0,0,0,3/11/2014,3/17/2014,1
20140304,NC,100,0,0,0,0,0,3/4/2014,3/10/2014,1
20140225,NC,100,0,0,0,0,0,2/25/2014,3/3/2014,1
20140218,NC,100,0,0,0,0,0,2/18/2014,2/24/2014,1
20140211,NC,98.57,1.43,0,0,0,0,2/11/2014,2/17/2014,1
20140204,NC,94.47,5.53,0,0,0,0,2/4/2014,2/10/2014,1
20140128,NC,94.47,5.53,0,0,0,0,1/28/2014,2/3/2014,1
20140121,NC,94.47,5.53,0,0,0,0,1/21/2014,1/27/2014,1
20140114,NC,94.47,5.53,0,0,0,0,1/14/2014,1/20/2014,1
20140107,NC,94.47,5.53,0,0,0,0,1/7/2014,1/13/2014,1
20131231,NC,94.47,5.53,0,0,0,0,12/31/2013,1/6/2014,1
20131224,NC,52.69,47.31,0,0,0,0,12/24/2013,12/30/2013,1
20131217,NC,48.4,51.6,0,0,0,0,12/17/2013,12/23/2013,1
20131210,NC,42.79,57.21,0,0,0,0,12/10/2013,12/16/2013,1
20131203,NC,42.79,57.21,0,0,0,0,12/3/2013,12/9/2013,1
20131126,NC,24.88,75.12,0,0,0,0,11/26/2013,12/2/2013,1
20131119,NC,24.88,75.12,0,0,0,0,11/19/2013,11/25/2013,1
20131112,NC,60.25,39.75,0,0,0,0,11/12/2013,11/18/2013,1
20131105,NC,60.27,39.73,0,0,0,0,11/5/2013,11/11/2013,1
20131029,NC,62.36,37.64,0,0,0,0,10/29/2013,11/4/2013,1
20131022,NC,92.24,7.76,0,0,0,0,10/22/2013,10/28/2013,1
20131015,NC,96.14,3.86,0,0,0,0,10/15/2013,10/21/2013,1
20131008,NC,77.81,22.19,0,0,0,0,10/8/2013,10/14/2013,1
20131001,NC,77.81,22.19,0,0,0,0,10/1/2013,10/7/2013,1
20130924,NC,100,0,0,0,0,0,9/24/2013,9/30/2013,1
20130917,NC,100,0,0,0,0,0,9/17/2013,9/23/2013,1
20130910,NC,100,0,0,0,0,0,9/10/2013,9/16/2013,1
20130903,NC,100,0,0,0,0,0,9/3/2013,9/9/2013,1
20130827,NC,100,0,0,0,0,0,8/27/2013,9/2/2013,1
20130820,NC,100,0,0,0,0,0,8/20/2013,8/26/2013,1
20130813,NC,100,0,0,0,0,0,8/13/2013,8/19/2013,1
20130806,NC,100,0,0,0,0,0,8/6/2013,8/12/2013,1
20130730,NC,100,0,0,0,0,0,7/30/2013,8/5/2013,1
20130723,NC,100,0,0,0,0,0,7/23/2013,7/29/2013,1
20130716,NC,100,0,0,0,0,0,7/16/2013,7/22/2013,1
20130709,NC,100,0,0,0,0,0,7/9/2013,7/15/2013,1
20130702,NC,100,0,0,0,0,0,7/2/2013,7/8/2013,1
20130625,NC,100,0,0,0,0,0,6/25/2013,7/1/2013,1
20130618,NC,100,0,0,0,0,0,6/18/2013,6/24/2013,1
20130611,NC,100,0,0,0,0,0,6/11/2013,6/17/2013,1
20130604,NC,65.56,34.44,0,0,0,0,6/4/2013,6/10/2013,1
20130528,NC,65.56,34.44,0,0,0,0,5/28/2013,6/3/2013,1
20130521,NC,65.56,34.44,0,0,0,0,5/21/2013,5/27/2013,1
20130514,NC,65.08,34.92,0,0,0,0,5/14/2013,5/20/2013,1
20130507,NC,69.48,30.52,0,0,0,0,5/7/2013,5/13/2013,1
20130430,NC,55.59,44.41,0,0,0,0,4/30/2013,5/6/2013,1
20130423,NC,53.94,46.06,6.21,0,0,0,4/23/2013,4/29/2013,1
20130416,NC,53.89,46.11,6.28,0,0,0,4/16/2013,4/22/2013,1
20130409,NC,59.75,40.25,6.28,0,0,0,4/9/2013,4/15/2013,1
20130402,NC,56.71,43.29,6.67,0,0,0,4/2/2013,4/8/2013,1
20130326,NC,56.69,43.31,6.77,0,0,0,3/26/2013,4/1/2013,1
20130319,NC,67.06,32.94,6.85,0,0,0,3/19/2013,3/25/2013,1
20130312,NC,73.1,26.9,6.85,0,0,0,3/12/2013,3/18/2013,1
20130305,NC,72.99,27.01,6.85,0,0,0,3/5/2013,3/11/2013,1
20130226,NC,73.08,26.92,6.85,0,0,0,2/26/2013,3/4/2013,1
20130219,NC,57.68,42.32,13.81,0,0,0,2/19/2013,2/25/2013,1
20130212,NC,57.68,42.32,14.08,0,0,0,2/12/2013,2/18/2013,1
20130205,NC,22.65,77.35,15.41,0,0,0,2/5/2013,2/11/2013,1
20130129,NC,45.63,54.37,15.35,0,0,0,1/29/2013,2/4/2013,1
20130122,NC,45.63,54.37,15.14,0,0,0,1/22/2013,1/28/2013,1
20130115,NC,39.86,60.14,37.85,1.48,0,0,1/15/2013,1/21/2013,1
20130108,NC,30.99,69.01,38.61,1.45,0,0,1/8/2013,1/14/2013,1
20130101,NC,31.03,68.97,38.63,1.45,0,0,1/1/2013,1/7/2013,1
20121225,NC,19.71,80.29,61.58,5.25,0,0,12/25/2012,12/31/2012,1
20121218,NC,19.71,80.29,61.91,5.25,0,0,12/18/2012,12/24/2012,1
20121211,NC,19.71,80.29,61.91,0.01,0,0,12/11/2012,12/17/2012,1
20121204,NC,19.55,80.45,61.91,0.17,0,0,12/4/2012,12/10/2012,1
20121127,NC,19.97,80.03,50.62,0,0,0,11/27/2012,12/3/2012,1
20121120,NC,32.67,67.33,14.71,0,0,0,11/20/2012,11/26/2012,1
20121113,NC,31.4,68.6,7.06,0,0,0,11/13/2012,11/19/2012,1
20121106,NC,61.97,38.03,7.06,0,0,0,11/6/2012,11/12/2012,1
20121030,NC,73.38,26.62,0,0,0,0,10/30/2012,11/5/2012,1
20121023,NC,72.15,27.85,0,0,0,0,10/23/2012,10/29/2012,1
20121016,NC,74.31,25.69,0,0,0,0,10/16/2012,10/22/2012,1
20121009,NC,91.37,8.63,0,0,0,0,10/9/2012,10/15/2012,1
20121002,NC,91.32,8.68,0,0,0,0,10/2/2012,10/8/2012,1
20120925,NC,84.72,15.28,0,0,0,0,9/25/2012,10/1/2012,1
20120918,NC,73.19,26.81,0,0,0,0,9/18/2012,9/24/2012,1
20120911,NC,73.19,26.81,0,0,0,0,9/11/2012,9/17/2012,1
20120904,NC,89.26,10.74,0,0,0,0,9/4/2012,9/10/2012,1
20120828,NC,85.5,14.5,0,0,0,0,8/28/2012,9/3/2012,1
20120821,NC,84.49,15.51,1.06,0,0,0,8/21/2012,8/27/2012,1
20120814,NC,83.69,16.31,1.06,0,0,0,8/14/2012,8/20/2012,1
20120807,NC,81.38,18.62,1.09,0,0,0,8/7/2012,8/13/2012,1
20120731,NC,80.86,19.14,1.94,0,0,0,7/31/2012,8/6/2012,1
20120724,NC,72.38,27.62,1.94,0,0,0,7/24/2012,7/30/2012,1
20120717,NC,52.76,47.24,5.42,0,0,0,7/17/2012,7/23/2012,1
20120710,NC,52.92,47.08,10.62,0,0,0,7/10/2012,7/16/2012,1
20120703,NC,51.89,48.11,10.62,0,0,0,7/3/2012,7/9/2012,1
20120626,NC,63.76,36.24,0,0,0,0,6/26/2012,7/2/2012,1
20120619,NC,74.02,25.98,0,0,0,0,6/19/2012,6/25/2012,1
20120612,NC,74.03,25.97,0,0,0,0,6/12/2012,6/18/2012,1
20120605,NC,69.1,30.9,0,0,0,0,6/5/2012,6/11/2012,1
20120529,NC,40.27,59.73,5.17,0,0,0,5/29/2012,6/4/2012,1
20120522,NC,33.37,66.63,5.17,0,0,0,5/22/2012,5/28/2012,1
20120515,NC,29.2,70.8,22.69,0,0,0,5/15/2012,5/21/2012,1
20120508,NC,16.31,83.69,62.58,0,0,0,5/8/2012,5/14/2012,1
20120501,NC,15.52,84.48,62.58,0,0,0,5/1/2012,5/7/2012,1
20120424,NC,13.4,86.6,49.4,0,0,0,4/24/2012,4/30/2012,1
20120417,NC,13.34,86.66,49.4,0,0,0,4/17/2012,4/23/2012,1
20120410,NC,13.34,86.66,49.4,0,0,0,4/10/2012,4/16/2012,1
20120403,NC,9.24,90.76,36.61,0,0,0,4/3/2012,4/9/2012,1
20120327,NC,9.24,90.76,36.61,0,0,0,3/27/2012,4/2/2012,1
20120320,NC,7.04,92.96,66.22,0,0,0,3/20/2012,3/26/2012,1
20120313,NC,7.04,92.96,55.55,0,0,0,3/13/2012,3/19/2012,1
20120306,NC,12.96,87.04,43.78,0,0,0,3/6/2012,3/12/2012,1
20120228,NC,12.96,87.04,48.65,5.69,0,0,2/28/2012,3/5/2012,1
20120221,NC,19.8,80.2,48.65,5.69,0,0,2/21/2012,2/27/2012,1
20120214,NC,20.43,79.57,48.65,5.69,0,0,2/14/2012,2/20/2012,1
20120207,NC,22.29,77.71,43.65,5.69,0,0,2/7/2012,2/13/2012,1
20120131,NC,22.29,77.71,31.27,3.1,0,0,1/31/2012,2/6/2012,1
20120124,NC,35.96,64.04,28.64,1.12,0,0,1/24/2012,1/30/2012,1
20120117,NC,35.96,64.04,28.64,1.12,0,0,1/17/2012,1/23/2012,1
20120110,NC,35.96,64.04,26.85,0,0,0,1/10/2012,1/16/2012,1
20120103,NC,52.26,47.74,26.85,0,0,0,1/3/2012,1/9/2012,1
20111227,NC,53.82,46.18,13.75,0,0,0,12/27/2011,1/2/2012,1
20111220,NC,49.9,50.1,14.02,0,0,0,12/20/2011,12/26/2011,1
20111213,NC,49.9,50.1,9.2,0,0,0,12/13/2011,12/19/2011,1
20111206,NC,57.07,42.93,9.28,0,0,0,12/6/2011,12/12/2011,1
20111129,NC,70.68,29.32,9.28,0,0,0,11/29/2011,12/5/2011,1
20111122,NC,59.91,40.09,17.17,0.17,0,0,11/22/2011,11/28/2011,1
20111115,NC,59.91,40.09,17.17,0.24,0,0,11/15/2011,11/21/2011,1
20111108,NC,60.84,39.16,13.7,0.18,0,0,11/8/2011,11/14/2011,1
20111101,NC,58.5,41.5,17.27,0.18,0,0,11/1/2011,11/7/2011,1
20111025,NC,64.72,35.28,17.24,0.18,0,0,10/25/2011,10/31/2011,1
20111018,NC,55.37,44.63,19.52,0.22,0,0,10/18/2011,10/24/2011,1
20111011,NC,46.76,53.24,20.77,0.44,0,0,10/11/2011,10/17/2011,1
20111004,NC,56.52,43.48,14.46,0.4,0,0,10/4/2011,10/10/2011,1
20110927,NC,57.13,42.87,14.37,0.39,0,0,9/27/2011,10/3/2011,1
20110920,NC,45.07,54.93,36.93,2.16,0,0,9/20/2011,9/26/2011,1
20110913,NC,45.07,54.93,30.55,0.73,0,0,9/13/2011,9/19/2011,1
20110906,NC,50.09,49.91,25.46,0.73,0,0,9/6/2011,9/12/2011,1
20110830,NC,40.54,59.46,30.46,0.73,0,0,8/30/2011,9/5/2011,1
20110823,NC,19.06,80.94,46.41,23.15,3.85,0,8/23/2011,8/29/2011,1
20110816,NC,18.34,81.66,47.22,25.81,3.85,0,8/16/2011,8/22/2011,1
20110809,NC,14.58,85.42,53.73,29.39,10.56,0,8/9/2011,8/15/2011,1
20110802,NC,30.72,69.28,54.06,29.39,10.56,0,8/2/2011,8/8/2011,1
20110726,NC,31.19,68.81,53.69,32.52,10.56,0,7/26/2011,8/1/2011,1
20110719,NC,28.88,71.12,54.11,32.52,12.35,0,7/19/2011,7/25/2011,1
20110712,NC,30.06,69.94,49.62,28.64,10.87,0,7/12/2011,7/18/2011,1
20110705,NC,18.61,81.39,64.52,36.75,13.08,0,7/5/2011,7/11/2011,1
20110628,NC,19.29,80.71,61.27,34.15,0,0,6/28/2011,7/4/2011,1
20110621,NC,18.9,81.1,61.27,34.15,0,0,6/21/2011,6/27/2011,1
20110614,NC,18.47,81.53,52.49,24.94,0,0,6/14/2011,6/20/2011,1
20110607,NC,19.53,80.47,50.83,14.39,0,0,6/7/2011,6/13/2011,1
20110531,NC,32.2,67.8,36.7,11.76,0,0,5/31/2011,6/6/2011,1
20110524,NC,35.09,64.91,37.16,0,0,0,5/24/2011,5/30/2011,1
20110517,NC,34.05,65.95,37.16,0,0,0,5/17/2011,5/23/2011,1
20110510,NC,31.97,68.03,27.51,0,0,0,5/10/2011,5/16/2011,1
20110503,NC,32.01,67.99,27.51,0,0,0,5/3/2011,5/9/2011,1
20110426,NC,33.87,66.13,12.1,0,0,0,4/26/2011,5/2/2011,1
20110419,NC,33.63,66.37,12.1,0,0,0,4/19/2011,4/25/2011,1
20110412,NC,33.63,66.37,27.48,0,0,0,4/12/2011,4/18/2011,1
20110405,NC,28.62,71.38,29.16,0,0,0,4/5/2011,4/11/2011,1
20110329,NC,24.89,75.11,38.37,13.93,0,0,3/29/2011,4/4/2011,1
20110322,NC,23.86,76.14,39.36,13.93,0,0,3/22/2011,3/28/2011,1
20110315,NC,23.86,76.14,38.9,13.93,0,0,3/15/2011,3/21/2011,1
20110308,NC,35.79,64.21,38.9,13.93,0,0,3/8/2011,3/14/2011,1
20110301,NC,21.1,78.9,52.41,23.96,0,0,3/1/2011,3/7/2011,1
20110222,NC,21.1,78.9,52.35,23.96,0,0,2/22/2011,2/28/2011,1
20110215,NC,23.2,76.8,48.76,20.59,0,0,2/15/2011,2/21/2011,1
20110208,NC,27.33,72.67,38.03,20.59,0,0,2/8/2011,2/14/2011,1
20110201,NC,17.8,82.2,42.84,22.57,0,0,2/1/2011,2/7/2011,1
20110125,NC,17.8,82.2,42.84,0,0,0,1/25/2011,1/31/2011,1
20110118,NC,17.8,82.2,39.62,0,0,0,1/18/2011,1/24/2011,1
20110111,NC,31.27,68.73,33.54,0,0,0,1/11/2011,1/17/2011,1
20110104,NC,42.48,57.52,15.4,0,0,0,1/4/2011,1/10/2011,1
20101228,NC,42.54,57.46,14.89,0,0,0,12/28/2010,1/3/2011,1
20101221,NC,37.03,62.97,14.89,0,0,0,12/21/2010,12/27/2010,1
20101214,NC,29.8,70.2,14.89,0,0,0,12/14/2010,12/20/2010,1
20101207,NC,27.08,72.92,14.82,0,0,0,12/7/2010,12/13/2010,1
20101130,NC,21.66,78.34,16.76,0,0,0,11/30/2010,12/6/2010,1
20101123,NC,44.07,55.93,16.76,0,0,0,11/23/2010,11/29/2010,1
20101116,NC,44.42,55.58,13.45,0,0,0,11/16/2010,11/22/2010,1
20101109,NC,51.88,48.12,13.45,0,0,0,11/9/2010,11/15/2010,1
20101102,NC,51.88,48.12,13.45,0,0,0,11/2/2010,11/8/2010,1
20101026,NC,59.19,40.81,14.74,0,0,0,10/26/2010,11/1/2010,1
20101019,NC,59.18,40.82,14.74,0,0,0,10/19/2010,10/25/2010,1
20101012,NC,63.9,36.1,10.58,0,0,0,10/12/2010,10/18/2010,1
20101005,NC,63.9,36.1,7.31,0,0,0,10/5/2010,10/11/2010,1
20100928,NC,7.08,92.92,28.93,0,0,0,9/28/2010,10/4/2010,1
20100921,NC,0.06,99.94,72.61,6.28,0,0,9/21/2010,9/27/2010,1
20100914,NC,8.07,91.93,28.68,2.78,0,0,9/14/2010,9/20/2010,1
20100907,NC,29.32,70.68,21.26,2.78,0,0,9/7/2010,9/13/2010,1
20100831,NC,37.3,62.7,11.35,1.1,0,0,8/31/2010,9/6/2010,1
20100824,NC,44.09,55.91,11.35,1.1,0,0,8/24/2010,8/30/2010,1
20100817,NC,27.38,72.62,32.26,1.91,0,0,8/17/2010,8/23/2010,1
20100810,NC,28.66,71.34,32.26,1.91,0,0,8/10/2010,8/16/2010,1
20100803,NC,30.57,69.43,28.97,1.91,0,0,8/3/2010,8/9/2010,1
20100727,NC,18.7,81.3,30.24,2.45,0,0,7/27/2010,8/2/2010,1
20100720,NC,21.17,78.83,13.24,0,0,0,7/20/2010,7/26/2010,1
20100713,NC,21.17,78.83,13.24,0,0,0,7/13/2010,7/19/2010,1
20100706,NC,28.73,71.27,13.24,0,0,0,7/6/2010,7/12/2010,1
20100629,NC,55.98,44.02,0,0,0,0,6/29/2010,7/5/2010,1
20100622,NC,81.13,18.87,0,0,0,0,6/22/2010,6/28/2010,1
20100615,NC,89.78,10.22,0,0,0,0,6/15/2010,6/21/2010,1
20100608,NC,93.2,6.8,0,0,0,0,6/8/2010,6/14/2010,1
20100601,NC,94.02,5.98,0,0,0,0,6/1/2010,6/7/2010,1
20100525,NC,93.62,6.38,0,0,0,0,5/25/2010,5/31/2010,1
20100518,NC,64.83,35.17,0,0,0,0,5/18/2010,5/24/2010,1
20100511,NC,28.76,71.24,0,0,0,0,5/11/2010,5/17/2010,1
20100504,NC,39.17,60.83,0,0,0,0,5/4/2010,5/10/2010,1
20100427,NC,74.32,25.68,0,0,0,0,4/27/2010,5/3/2010,1
20100420,NC,100,0,0,0,0,0,4/20/2010,4/26/2010,1
20100413,NC,100,0,0,0,0,0,4/13/2010,4/19/2010,1
20100406,NC,100,0,0,0,0,0,4/6/2010,4/12/2010,1
20100330,NC,100,0,0,0,0,0,3/30/2010,4/5/2010,1
20100323,NC,100,0,0,0,0,0,3/23/2010,3/29/2010,1
20100316,NC,100,0,0,0,0,0,3/16/2010,3/22/2010,1
20100309,NC,100,0,0,0,0,0,3/9/2010,3/15/2010,1
20100302,NC,100,0,0,0,0,0,3/2/2010,3/8/2010,1
20100223,NC,100,0,0,0,0,0,2/23/2010,3/1/2010,1
20100216,NC,100,0,0,0,0,0,2/16/2010,2/22/2010,1
20100209,NC,100,0,0,0,0,0,2/9/2010,2/15/2010,1
20100202,NC,100,0,0,0,0,0,2/2/2010,2/8/2010,1
20100126,NC,100,0,0,0,0,0,1/26/2010,2/1/2010,1
20100119,NC,100,0,0,0,0,0,1/19/2010,1/25/2010,1
20100112,NC,100,0,0,0,0,0,1/12/2010,1/18/2010,1
20100105,NC,100,0,0,0,0,0,1/5/2010,1/11/2010,1
20091229,NC,100,0,0,0,0,0,12/29/2009,1/4/2010,1
20091222,NC,100,0,0,0,0,0,12/22/2009,12/28/2009,1
20091215,NC,100,0,0,0,0,0,12/15/2009,12/21/2009,1
20091208,NC,100,0,0,0,0,0,12/8/2009,12/14/2009,1
20091201,NC,93.7,6.3,0,0,0,0,12/1/2009,12/7/2009,1
20091124,NC,93.7,6.3,0,0,0,0,11/24/2009,11/30/2009,1
20091117,NC,82.18,17.82,0,0,0,0,11/17/2009,11/23/2009,1
20091110,NC,48.54,51.46,30.18,0,0,0,11/10/2009,11/16/2009,1
20091103,NC,48.54,51.46,30.18,0,0,0,11/3/2009,11/9/2009,1
20091027,NC,43.53,56.47,34.91,0,0,0,10/27/2009,11/2/2009,1
20091020,NC,51.45,48.55,26.42,0,0,0,10/20/2009,10/26/2009,1
20091013,NC,51.45,48.55,13.83,0,0,0,10/13/2009,10/19/2009,1
20091006,NC,51.39,48.61,13.92,0,0,0,10/6/2009,10/12/2009,1
20090929,NC,51.28,48.72,14.15,0.03,0,0,9/29/2009,10/5/2009,1
20090922,NC,35.78,64.22,26.9,0.03,0,0,9/22/2009,9/28/2009,1
20090915,NC,40.31,59.69,20.83,0,0,0,9/15/2009,9/21/2009,1
20090908,NC,42.54,57.46,6.96,0,0,0,9/8/2009,9/14/2009,1
20090901,NC,35.87,64.13,3.74,0,0,0,9/1/2009,9/7/2009,1
20090825,NC,35.87,64.13,3.74,0,0,0,8/25/2009,8/31/2009,1
20090818,NC,27.21,72.79,6.1,0,0,0,8/18/2009,8/24/2009,1
20090811,NC,31.66,68.34,0,0,0,0,8/11/2009,8/17/2009,1
20090804,NC,31.66,68.34,0,0,0,0,8/4/2009,8/10/2009,1
20090728,NC,29.12,70.88,0,0,0,0,7/28/2009,8/3/2009,1
20090721,NC,25.27,74.73,0,0,0,0,7/21/2009,7/27/2009,1
20090714,NC,37.41,62.59,0,0,0,0,7/14/2009,7/20/2009,1
20090707,NC,49.08,50.92,0,0,0,0,7/7/2009,7/13/2009,1
20090630,NC,56.17,43.83,0,0,0,0,6/30/2009,7/6/2009,1
20090623,NC,87.74,12.26,0,0,0,0,6/23/2009,6/29/2009,1
20090616,NC,87.76,12.24,0,0,0,0,6/16/2009,6/22/2009,1
20090609,NC,87.76,12.24,0,0,0,0,6/9/2009,6/15/2009,1
20090602,NC,85.05,14.95,0,0,0,0,6/2/2009,6/8/2009,1
20090526,NC,89.77,10.23,0,0,0,0,5/26/2009,6/1/2009,1
20090519,NC,87.26,12.74,0,0,0,0,5/19/2009,5/25/2009,1
20090512,NC,53.74,46.26,0,0,0,0,5/12/2009,5/18/2009,1
20090505,NC,43.55,56.45,9.26,0,0,0,5/5/2009,5/11/2009,1
20090428,NC,40.35,59.65,11.58,0,0,0,4/28/2009,5/4/2009,1
20090421,NC,58.32,41.68,11.58,0,0,0,4/21/2009,4/27/2009,1
20090414,NC,58.24,41.76,11.58,0,0,0,4/14/2009,4/20/2009,1
20090407,NC,57.78,42.22,18.54,0,0,0,4/7/2009,4/13/2009,1
20090331,NC,58.06,41.94,18.79,0.6,0,0,3/31/2009,4/6/2009,1
20090324,NC,37.45,62.55,21.16,7.72,0,0,3/24/2009,3/30/2009,1
20090317,NC,35.45,64.55,21.16,8.52,0.05,0,3/17/2009,3/23/2009,1
20090310,NC,9.16,90.84,32.47,8.52,0.05,0,3/10/2009,3/16/2009,1
20090303,NC,9.16,90.84,32.47,8.52,0.05,0,3/3/2009,3/9/2009,1
20090224,NC,0,100,52.84,10.64,0.05,0,2/24/2009,3/2/2009,1
20090217,NC,0,100,52.84,10.64,0.05,0,2/17/2009,2/23/2009,1
20090210,NC,0,100,32.25,6.49,0,0,2/10/2009,2/16/2009,1
20090203,NC,61.92,38.08,22.99,6.49,0,0,2/3/2009,2/9/2009,1
20090127,NC,62.18,37.82,19.73,5.33,0.02,0,1/27/2009,2/2/2009,1
20090120,NC,77.12,22.88,17.33,5.33,0.02,0,1/20/2009,1/26/2009,1
20090113,NC,77.12,22.88,17.09,4.87,0.02,0,1/13/2009,1/19/2009,1
20090106,NC,76.72,23.28,18.39,7.22,0,0,1/6/2009,1/12/2009,1
20081230,NC,76.72,23.28,18.39,7.22,0,0,12/30/2008,1/5/2009,1
20081223,NC,65.59,34.41,18.39,10.89,6.83,0,12/23/2008,12/29/2008,1
20081216,NC,65.59,34.41,18.39,11.15,7.7,0,12/16/2008,12/22/2008,1
20081209,NC,42.42,57.58,31.14,16.84,11.02,8.29,12/9/2008,12/15/2008,1
20081202,NC,42.43,57.57,31.16,16.83,11.08,8.3,12/2/2008,12/8/2008,1
20081125,NC,42.45,57.55,31.16,16.83,11.08,8.3,11/25/2008,12/1/2008,1
20081118,NC,42.45,57.55,31.16,16.83,11.08,3.89,11/18/2008,11/24/2008,1
20081111,NC,35.28,64.72,45.91,19.47,11.08,3.89,11/11/2008,11/17/2008,1
20081104,NC,35.28,64.72,45.91,19.47,11.08,2.54,11/4/2008,11/10/2008,1
20081028,NC,40.65,59.35,45.91,19.47,11.08,0.03,10/28/2008,11/3/2008,1
20081021,NC,40.21,59.79,46.31,20.7,11.08,0.04,10/21/2008,10/27/2008,1
20081014,NC,40.25,59.75,46.29,20.69,11.08,0.04,10/14/2008,10/20/2008,1
20081007,NC,40.2,59.8,46.15,20.48,10.85,0.03,10/7/2008,10/13/2008,1
20080930,NC,40.2,59.8,46.15,20.48,10.85,0.03,9/30/2008,10/6/2008,1
20080923,NC,24.72,75.28,53.3,24.07,10.85,0.03,9/23/2008,9/29/2008,1
20080916,NC,16.62,83.38,56.79,24.24,10.95,0.02,9/16/2008,9/22/2008,1
20080909,NC,16.62,83.38,56.79,30.47,14.93,0.02,9/9/2008,9/15/2008,1
20080902,NC,4.51,95.49,81.99,34.95,14.93,0.02,9/2/2008,9/8/2008,1
20080826,NC,4.51,95.49,79.06,48.57,29.9,0.02,8/26/2008,9/1/2008,1
20080819,NC,0,100,73.12,43.47,29.9,17.12,8/19/2008,8/25/2008,1
20080812,NC,0,100,73.94,42.9,29.97,13.75,8/12/2008,8/18/2008,1
20080805,NC,0,100,73.59,35.06,27.26,13.75,8/5/2008,8/11/2008,1
20080729,NC,0,100,86.63,37.51,28.79,13.75,7/29/2008,8/4/2008,1
20080722,NC,0,100,86.63,37.51,28.79,13.75,7/22/2008,7/28/2008,1
20080715,NC,0,100,85.54,37.51,28.79,6.64,7/15/2008,7/21/2008,1
20080708,NC,0,100,89.82,44.15,28.79,6.64,7/8/2008,7/14/2008,1
20080701,NC,0,100,99.59,61.9,30.31,6.64,7/1/2008,7/7/2008,1
20080624,NC,0,100,96.93,48.64,30.06,6.42,6/24/2008,6/30/2008,1
20080617,NC,0,100,96.93,48.64,28.68,2.58,6/17/2008,6/23/2008,1
20080610,NC,2.95,97.05,65.45,38.62,21.46,0,6/10/2008,6/16/2008,1
20080603,NC,25.87,74.13,45.82,32.57,16.18,0,6/3/2008,6/9/2008,1
20080527,NC,25.87,74.13,45.82,32.6,16.18,0,5/27/2008,6/2/2008,1
20080520,NC,25.87,74.13,44.99,25.33,8.11,0,5/20/2008,5/26/2008,1
20080513,NC,18.59,81.41,49.21,27.37,8.41,0,5/13/2008,5/19/2008,1
20080506,NC,12.14,87.86,50.56,25.25,6.97,0,5/6/2008,5/12/2008,1
20080429,NC,12.14,87.86,50.56,25.25,6.77,0,4/29/2008,5/5/2008,1
20080422,NC,12.14,87.86,66.65,34.1,4.94,0,4/22/2008,4/28/2008,1
20080415,NC,0,100,70.9,46.03,4.94,0,4/15/2008,4/21/2008,1
20080408,NC,0,100,70.9,46.03,5.1,0,4/8/2008,4/14/2008,1
20080401,NC,0,100,89.82,68.59,30.92,0,4/1/2008,4/7/2008,1
20080325,NC,0,100,89.82,67.1,30.92,0,3/25/2008,3/31/2008,1
20080318,NC,0,100,89.82,73.02,31.05,0,3/18/2008,3/24/2008,1
20080311,NC,0,100,89.82,73.02,31.05,0,3/11/2008,3/17/2008,1
20080304,NC,0,100,98.76,87.67,61.25,26.27,3/4/2008,3/10/2008,1
20080226,NC,0,100,98.76,87.67,61.25,26.27,2/26/2008,3/3/2008,1
20080219,NC,0,100,100,100,78.55,46.16,2/19/2008,2/25/2008,1
20080212,NC,0,100,100,100,85.25,49.19,2/12/2008,2/18/2008,1
20080205,NC,0,100,100,100,85.25,49.19,2/5/2008,2/11/2008,1
20080129,NC,0,100,100,100,85.4,49.31,1/29/2008,2/4/2008,1
20080122,NC,0,100,100,100,81.73,46.04,1/22/2008,1/28/2008,1
20080115,NC,0,100,100,100,83.5,46.04,1/15/2008,1/21/2008,1
20080108,NC,0,100,100,100,83.66,51.32,1/8/2008,1/14/2008,1
20080101,NC,0,100,100,100,83.66,51.25,1/1/2008,1/7/2008,1
20071225,NC,0,100,100,100,84.04,66.2,12/25/2007,12/31/2007,1
20071218,NC,0,100,100,100,84.04,66.2,12/18/2007,12/24/2007,1
20071211,NC,0,100,100,100,84.04,66.2,12/11/2007,12/17/2007,1
20071204,NC,0,100,100,99.53,81.88,56.23,12/4/2007,12/10/2007,1
20071127,NC,0,100,100,99.53,81.88,46.14,11/27/2007,12/3/2007,1
20071120,NC,0,100,100,94.4,68.5,41.9,11/20/2007,11/26/2007,1
20071113,NC,0,100,100,87.23,46.53,20.35,11/13/2007,11/19/2007,1
20071106,NC,0,100,100,79.27,43.31,16.93,11/6/2007,11/12/2007,1
20071030,NC,0,100,100,72.91,37.82,12.86,10/30/2007,11/5/2007,1
20071023,NC,0,100,100,100,84.76,56.53,10/23/2007,10/29/2007,1
20071016,NC,0,100,100,100,84.64,54.31,10/16/2007,10/22/2007,1
20071009,NC,0,100,100,92.76,79.44,38.72,10/9/2007,10/15/2007,1
20071002,NC,0,100,100,92.76,79.44,37.74,10/2/2007,10/8/2007,1
20070925,NC,0,100,100,92.76,75.1,4.04,9/25/2007,10/1/2007,1
20070918,NC,0,100,100,96.18,77.37,4.04,9/18/2007,9/24/2007,1
20070911,NC,0,100,100,96.18,77.84,7.59,9/11/2007,9/17/2007,1
20070904,NC,0,100,100,90.95,61.56,5,9/4/2007,9/10/2007,1
20070828,NC,0,100,100,75.2,30.4,9.68,8/28/2007,9/3/2007,1
20070821,NC,0,100,100,74.61,29.87,9.56,8/21/2007,8/27/2007,1
20070814,NC,0,100,89.85,61.35,12.31,0,8/14/2007,8/20/2007,1
20070807,NC,0,100,88.2,18.1,3.66,0,8/7/2007,8/13/2007,1
20070731,NC,0,100,88.2,19.81,3.08,0,7/31/2007,8/6/2007,1
20070724,NC,0,100,76.7,10.43,3.08,0,7/24/2007,7/30/2007,1
20070717,NC,1.03,98.97,76.67,10.43,3.08,0,7/17/2007,7/23/2007,1
20070710,NC,0.7,99.3,73.55,10.33,3.12,0,7/10/2007,7/16/2007,1
20070703,NC,0.64,99.36,53.27,10.12,3.12,0,7/3/2007,7/9/2007,1
20070626,NC,0.01,99.99,63.41,14.72,3.88,0,6/26/2007,7/2/2007,1
20070619,NC,7.4,92.6,49.17,14.72,5.3,0,6/19/2007,6/25/2007,1
20070612,NC,7.4,92.6,48.8,14.68,5.28,0,6/12/2007,6/18/2007,1
20070605,NC,7.4,92.6,48.8,11.61,4.75,0,6/5/2007,6/11/2007,1
20070529,NC,7.4,92.6,76.28,11.61,4.75,0,5/29/2007,6/4/2007,1
20070522,NC,18.01,81.99,58.47,7.54,1.03,0,5/22/2007,5/28/2007,1
20070515,NC,17.88,82.12,43.58,7.53,0,0,5/15/2007,5/21/2007,1
20070508,NC,10.02,89.98,21.66,6.49,0,0,5/8/2007,5/14/2007,1
20070501,NC,39.12,60.88,21.66,6.49,0,0,5/1/2007,5/7/2007,1
20070424,NC,72.85,27.15,14.68,2.66,0,0,4/24/2007,4/30/2007,1
20070417,NC,72.85,27.15,14.54,0,0,0,4/17/2007,4/23/2007,1
20070410,NC,3.51,96.49,18.86,0,0,0,4/10/2007,4/16/2007,1
20070403,NC,5.82,94.18,9.17,0,0,0,4/3/2007,4/9/2007,1
20070327,NC,0.95,99.05,11.52,0,0,0,3/27/2007,4/2/2007,1
20070320,NC,3.63,96.37,11.59,0,0,0,3/20/2007,3/26/2007,1
20070313,NC,8.97,91.03,11.59,0,0,0,3/13/2007,3/19/2007,1
20070306,NC,91.82,8.18,0.96,0,0,0,3/6/2007,3/12/2007,1
20070227,NC,83.8,16.2,3.52,0,0,0,2/27/2007,3/5/2007,1
20070220,NC,83.8,16.2,3.59,0,0,0,2/20/2007,2/26/2007,1
20070213,NC,84.94,15.06,3.22,0,0,0,2/13/2007,2/19/2007,1
20070206,NC,96.37,3.63,0,0,0,0,2/6/2007,2/12/2007,1
20070130,NC,100,0,0,0,0,0,1/30/2007,2/5/2007,1
20070123,NC,100,0,0,0,0,0,1/23/2007,1/29/2007,1
20070116,NC,98.6,1.4,0,0,0,0,1/16/2007,1/22/2007,1
20070109,NC,98.53,1.47,0,0,0,0,1/9/2007,1/15/2007,1
20070102,NC,98.53,1.47,0,0,0,0,1/2/2007,1/8/2007,1
20061226,NC,98.53,1.47,0,0,0,0,12/26/2006,1/1/2007,1
20061219,NC,98.53,1.47,0,0,0,0,12/19/2006,12/25/2006,1
20061212,NC,100,0,0,0,0,0,12/12/2006,12/18/2006,1
20061205,NC,100,0,0,0,0,0,12/5/2006,12/11/2006,1
20061128,NC,100,0,0,0,0,0,11/28/2006,12/4/2006,1
20061121,NC,100,0,0,0,0,0,11/21/2006,11/27/2006,1
20061114,NC,99.36,0.64,0,0,0,0,11/14/2006,11/20/2006,1
20061107,NC,99.36,0.64,0,0,0,0,11/7/2006,11/13/2006,1
20061031,NC,96.51,3.49,0,0,0,0,10/31/2006,11/6/2006,1
20061024,NC,94.85,5.15,0,0,0,0,10/24/2006,10/30/2006,1
20061017,NC,94.81,5.19,0.73,0,0,0,10/17/2006,10/23/2006,1
20061010,NC,94.81,5.19,0.73,0,0,0,10/10/2006,10/16/2006,1
20061003,NC,95.07,4.93,0.11,0,0,0,10/3/2006,10/9/2006,1
20060926,NC,95.48,4.52,0,0,0,0,9/26/2006,10/2/2006,1
20060919,NC,95.83,4.17,0.92,0,0,0,9/19/2006,9/25/2006,1
20060912,NC,54.25,45.75,3.55,0,0,0,9/12/2006,9/18/2006,1
20060905,NC,44.27,55.73,5.31,0,0,0,9/5/2006,9/11/2006,1
20060829,NC,37.11,62.89,23.54,0,0,0,8/29/2006,9/4/2006,1
20060822,NC,32.78,67.22,17.21,0,0,0,8/22/2006,8/28/2006,1
20060815,NC,52.35,47.65,10.87,0,0,0,8/15/2006,8/21/2006,1
20060808,NC,64.36,35.64,21.12,0,0,0,8/8/2006,8/14/2006,1
20060801,NC,68.14,31.86,16.39,0,0,0,8/1/2006,8/7/2006,1
20060725,NC,68.16,31.84,13.45,0,0,0,7/25/2006,7/31/2006,1
20060718,NC,68.25,31.75,13.41,0,0,0,7/18/2006,7/24/2006,1
20060711,NC,70.76,29.24,8.75,0,0,0,7/11/2006,7/17/2006,1
20060704,NC,67.95,32.05,8.19,0,0,0,7/4/2006,7/10/2006,1
20060627,NC,60.1,39.9,22.03,0,0,0,6/27/2006,7/3/2006,1
20060620,NC,48.3,51.7,25.44,13.49,0,0,6/20/2006,6/26/2006,1
20060613,NC,35.03,64.97,42.8,0.45,0,0,6/13/2006,6/19/2006,1
20060606,NC,30.79,69.21,45.38,5.13,0,0,6/6/2006,6/12/2006,1
20060530,NC,30.79,69.21,45.16,5.13,0,0,5/30/2006,6/5/2006,1
20060523,NC,34.46,65.54,45.16,5.13,0,0,5/23/2006,5/29/2006,1
20060516,NC,27.67,72.33,47.2,1.09,0,0,5/16/2006,5/22/2006,1
20060509,NC,24.38,75.62,43.59,0.01,0,0,5/9/2006,5/15/2006,1
20060502,NC,2.25,97.75,61.57,0.01,0,0,5/2/2006,5/8/2006,1
20060425,NC,1,99,61.57,18.45,0,0,4/25/2006,5/1/2006,1
20060418,NC,0.94,99.06,73.32,20.95,0,0,4/18/2006,4/24/2006,1
20060411,NC,1.17,98.83,63.54,20.77,0,0,4/11/2006,4/17/2006,1
20060404,NC,0,100,54.85,12.53,0,0,4/4/2006,4/10/2006,1
20060328,NC,0.12,99.88,54.85,12.53,0,0,3/28/2006,4/3/2006,1
20060321,NC,0.12,99.88,31.16,0,0,0,3/21/2006,3/27/2006,1
20060314,NC,0,100,31.16,0,0,0,3/14/2006,3/20/2006,1
20060307,NC,0.03,99.97,29.86,0,0,0,3/7/2006,3/13/2006,1
20060228,NC,7.07,92.93,29.86,0,0,0,2/28/2006,3/6/2006,1
20060221,NC,45.98,54.02,20.42,0,0,0,2/21/2006,2/27/2006,1
20060214,NC,65.01,34.99,0,0,0,0,2/14/2006,2/20/2006,1
20060207,NC,65.01,34.99,0,0,0,0,2/7/2006,2/13/2006,1
20060131,NC,66.13,33.87,0,0,0,0,1/31/2006,2/6/2006,1
20060124,NC,79.5,20.5,0,0,0,0,1/24/2006,1/30/2006,1
20060117,NC,79.5,20.5,0,0,0,0,1/17/2006,1/23/2006,1
20060110,NC,79.5,20.5,0,0,0,0,1/10/2006,1/16/2006,1
20060103,NC,87.7,12.3,0,0,0,0,1/3/2006,1/9/2006,1
20051227,NC,80.83,19.17,2.87,0,0,0,12/27/2005,1/2/2006,1
20051220,NC,79.82,20.18,2.87,0,0,0,12/20/2005,12/26/2005,1
20051213,NC,68.82,31.18,3.57,0,0,0,12/13/2005,12/19/2005,1
20051206,NC,55.91,44.09,3.57,0,0,0,12/6/2005,12/12/2005,1
20051129,NC,48.88,51.12,15.72,4.29,0,0,11/29/2005,12/5/2005,1
20051122,NC,39.71,60.29,22.37,7.67,0,0,11/22/2005,11/28/2005,1
20051115,NC,28.87,71.13,24.34,8.78,0,0,11/15/2005,11/21/2005,1
20051108,NC,35.01,64.99,23.29,8.01,0,0,11/8/2005,11/14/2005,1
20051101,NC,39.31,60.69,23.17,8.48,0,0,11/1/2005,11/7/2005,1
20051025,NC,57.02,42.98,11.86,0,0,0,10/25/2005,10/31/2005,1
20051018,NC,65.96,34.04,11.86,0,0,0,10/18/2005,10/24/2005,1
20051011,NC,70.89,29.11,11.86,0,0,0,10/11/2005,10/17/2005,1
20051004,NC,26.62,73.38,48.85,20.7,0,0,10/4/2005,10/10/2005,1
20050927,NC,36.21,63.79,28.7,0,0,0,9/27/2005,10/3/2005,1
20050920,NC,37.01,62.99,22.96,0,0,0,9/20/2005,9/26/2005,1
20050913,NC,39.03,60.97,0,0,0,0,9/13/2005,9/19/2005,1
20050906,NC,53.78,46.22,0,0,0,0,9/6/2005,9/12/2005,1
20050830,NC,91.6,8.4,0,0,0,0,8/30/2005,9/5/2005,1
20050823,NC,100,0,0,0,0,0,8/23/2005,8/29/2005,1
20050816,NC,100,0,0,0,0,0,8/16/2005,8/22/2005,1
20050809,NC,100,0,0,0,0,0,8/9/2005,8/15/2005,1
20050802,NC,98.48,1.52,0,0,0,0,8/2/2005,8/8/2005,1
20050726,NC,93.36,6.64,0,0,0,0,7/26/2005,8/1/2005,1
20050719,NC,93.36,6.64,0,0,0,0,7/19/2005,7/25/2005,1
20050712,NC,93.36,6.64,0,0,0,0,7/12/2005,7/18/2005,1
20050705,NC,87.95,12.05,2.65,0,0,0,7/5/2005,7/11/2005,1
20050628,NC,78.41,21.59,0,0,0,0,6/28/2005,7/4/2005,1
20050621,NC,66.73,33.27,0,0,0,0,6/21/2005,6/27/2005,1
20050614,NC,100,0,0,0,0,0,6/14/2005,6/20/2005,1
20050607,NC,82.38,17.62,0,0,0,0,6/7/2005,6/13/2005,1
20050531,NC,80.97,19.03,0,0,0,0,5/31/2005,6/6/2005,1
20050524,NC,80.97,19.03,0,0,0,0,5/24/2005,5/30/2005,1
20050517,NC,78.91,21.09,0,0,0,0,5/17/2005,5/23/2005,1
20050510,NC,100,0,0,0,0,0,5/10/2005,5/16/2005,1
20050503,NC,100,0,0,0,0,0,5/3/2005,5/9/2005,1
20050426,NC,100,0,0,0,0,0,4/26/2005,5/2/2005,1
20050419,NC,100,0,0,0,0,0,4/19/2005,4/25/2005,1
20050412,NC,100,0,0,0,0,0,4/12/2005,4/18/2005,1
20050405,NC,100,0,0,0,0,0,4/5/2005,4/11/2005,1
20050329,NC,73.46,26.54,0,0,0,0,3/29/2005,4/4/2005,1
20050322,NC,66.66,33.34,0,0,0,0,3/22/2005,3/28/2005,1
20050315,NC,55.91,44.09,0,0,0,0,3/15/2005,3/21/2005,1
20050308,NC,55.91,44.09,0,0,0,0,3/8/2005,3/14/2005,1
20050301,NC,100,0,0,0,0,0,3/1/2005,3/7/2005,1
20050222,NC,99.26,0.74,0,0,0,0,2/22/2005,2/28/2005,1
20050215,NC,99.26,0.74,0,0,0,0,2/15/2005,2/21/2005,1
20050208,NC,100,0,0,0,0,0,2/8/2005,2/14/2005,1
20050201,NC,100,0,0,0,0,0,2/1/2005,2/7/2005,1
20050125,NC,100,0,0,0,0,0,1/25/2005,1/31/2005,1
20050118,NC,100,0,0,0,0,0,1/18/2005,1/24/2005,1
20050111,NC,100,0,0,0,0,0,1/11/2005,1/17/2005,1
20050104,NC,100,0,0,0,0,0,1/4/2005,1/10/2005,1
20041228,NC,100,0,0,0,0,0,12/28/2004,1/3/2005,1
20041221,NC,100,0,0,0,0,0,12/21/2004,12/27/2004,1
20041214,NC,100,0,0,0,0,0,12/14/2004,12/20/2004,1
20041207,NC,100,0,0,0,0,0,12/7/2004,12/13/2004,1
20041130,NC,100,0,0,0,0,0,11/30/2004,12/6/2004,1
20041123,NC,100,0,0,0,0,0,11/23/2004,11/29/2004,1
20041116,NC,100,0,0,0,0,0,11/16/2004,11/22/2004,1
20041109,NC,100,0,0,0,0,0,11/9/2004,11/15/2004,1
20041102,NC,100,0,0,0,0,0,11/2/2004,11/8/2004,1
20041026,NC,100,0,0,0,0,0,10/26/2004,11/1/2004,1
20041019,NC,100,0,0,0,0,0,10/19/2004,10/25/2004,1
20041012,NC,100,0,0,0,0,0,10/12/2004,10/18/2004,1
20041005,NC,100,0,0,0,0,0,10/5/2004,10/11/2004,1
20040928,NC,100,0,0,0,0,0,9/28/2004,10/4/2004,1
20040921,NC,100,0,0,0,0,0,9/21/2004,9/27/2004,1
20040914,NC,100,0,0,0,0,0,9/14/2004,9/20/2004,1
20040907,NC,100,0,0,0,0,0,9/7/2004,9/13/2004,1
20040831,NC,100,0,0,0,0,0,8/31/2004,9/6/2004,1
20040824,NC,100,0,0,0,0,0,8/24/2004,8/30/2004,1
20040817,NC,100,0,0,0,0,0,8/17/2004,8/23/2004,1
20040810,NC,87.63,12.37,0,0,0,0,8/10/2004,8/16/2004,1
20040803,NC,95.32,4.68,0,0,0,0,8/3/2004,8/9/2004,1
20040727,NC,95.2,4.8,0,0,0,0,7/27/2004,8/2/2004,1
20040720,NC,96.04,3.96,0,0,0,0,7/20/2004,7/26/2004,1
20040713,NC,85.83,14.17,0,0,0,0,7/13/2004,7/19/2004,1
20040706,NC,100,0,0,0,0,0,7/6/2004,7/12/2004,1
20040629,NC,98.93,1.07,0.01,0,0,0,6/29/2004,7/5/2004,1
20040622,NC,72.9,27.1,1.53,0.01,0,0,6/22/2004,6/28/2004,1
20040615,NC,68.8,31.2,1.87,0.01,0,0,6/15/2004,6/21/2004,1
20040608,NC,68.66,31.34,6.85,1.48,0,0,6/8/2004,6/14/2004,1
20040601,NC,75.94,24.06,5.11,1.48,0,0,6/1/2004,6/7/2004,1
20040525,NC,75.79,24.21,1.33,0.08,0,0,5/25/2004,5/31/2004,1
20040518,NC,90.72,9.28,0.91,0,0,0,5/18/2004,5/24/2004,1
20040511,NC,88.82,11.18,0.91,0,0,0,5/11/2004,5/17/2004,1
20040504,NC,75.18,24.82,2.17,0,0,0,5/4/2004,5/10/2004,1
20040427,NC,65.56,34.44,0.3,0,0,0,4/27/2004,5/3/2004,1
20040420,NC,64.53,35.47,0,0,0,0,4/20/2004,4/26/2004,1
20040413,NC,30.89,69.11,0,0,0,0,4/13/2004,4/19/2004,1
20040406,NC,30.48,69.52,0,0,0,0,4/6/2004,4/12/2004,1
20040330,NC,78.84,21.16,0,0,0,0,3/30/2004,4/5/2004,1
20040323,NC,87.45,12.55,0,0,0,0,3/23/2004,3/29/2004,1
20040316,NC,100,0,0,0,0,0,3/16/2004,3/22/2004,1
20040309,NC,100,0,0,0,0,0,3/9/2004,3/15/2004,1
20040302,NC,100,0,0,0,0,0,3/2/2004,3/8/2004,1
20040224,NC,100,0,0,0,0,0,2/24/2004,3/1/2004,1
20040217,NC,100,0,0,0,0,0,2/17/2004,2/23/2004,1
20040210,NC,100,0,0,0,0,0,2/10/2004,2/16/2004,1
20040203,NC,100,0,0,0,0,0,2/3/2004,2/9/2004,1
20040127,NC,100,0,0,0,0,0,1/27/2004,2/2/2004,1
20040120,NC,100,0,0,0,0,0,1/20/2004,1/26/2004,1
20040113,NC,100,0,0,0,0,0,1/13/2004,1/19/2004,1
20040106,NC,100,0,0,0,0,0,1/6/2004,1/12/2004,1
20031230,NC,100,0,0,0,0,0,12/30/2003,1/5/2004,1
20031223,NC,100,0,0,0,0,0,12/23/2003,12/29/2003,1
20031216,NC,100,0,0,0,0,0,12/16/2003,12/22/2003,1
20031209,NC,100,0,0,0,0,0,12/9/2003,12/15/2003,1
20031202,NC,100,0,0,0,0,0,12/2/2003,12/8/2003,1
20031125,NC,100,0,0,0,0,0,11/25/2003,12/1/2003,1
20031118,NC,100,0,0,0,0,0,11/18/2003,11/24/2003,1
20031111,NC,100,0,0,0,0,0,11/11/2003,11/17/2003,1
20031104,NC,100,0,0,0,0,0,11/4/2003,11/10/2003,1
20031028,NC,100,0,0,0,0,0,10/28/2003,11/3/2003,1
20031021,NC,100,0,0,0,0,0,10/21/2003,10/27/2003,1
20031014,NC,100,0,0,0,0,0,10/14/2003,10/20/2003,1
20031007,NC,100,0,0,0,0,0,10/7/2003,10/13/2003,1
20030930,NC,100,0,0,0,0,0,9/30/2003,10/6/2003,1
20030923,NC,100,0,0,0,0,0,9/23/2003,9/29/2003,1
20030916,NC,100,0,0,0,0,0,9/16/2003,9/22/2003,1
20030909,NC,100,0,0,0,0,0,9/9/2003,9/15/2003,1
20030902,NC,100,0,0,0,0,0,9/2/2003,9/8/2003,1
20030826,NC,100,0,0,0,0,0,8/26/2003,9/1/2003,1
20030819,NC,100,0,0,0,0,0,8/19/2003,8/25/2003,1
20030812,NC,100,0,0,0,0,0,8/12/2003,8/18/2003,1
20030805,NC,100,0,0,0,0,0,8/5/2003,8/11/2003,1
20030729,NC,100,0,0,0,0,0,7/29/2003,8/4/2003,1
20030722,NC,100,0,0,0,0,0,7/22/2003,7/28/2003,1
20030715,NC,100,0,0,0,0,0,7/15/2003,7/21/2003,1
20030708,NC,100,0,0,0,0,0,7/8/2003,7/14/2003,1
20030701,NC,100,0,0,0,0,0,7/1/2003,7/7/2003,1
20030624,NC,100,0,0,0,0,0,6/24/2003,6/30/2003,1
20030617,NC,100,0,0,0,0,0,6/17/2003,6/23/2003,1
20030610,NC,100,0,0,0,0,0,6/10/2003,6/16/2003,1
20030603,NC,100,0,0,0,0,0,6/3/2003,6/9/2003,1
20030527,NC,100,0,0,0,0,0,5/27/2003,6/2/2003,1
20030520,NC,100,0,0,0,0,0,5/20/2003,5/26/2003,1
20030513,NC,100,0,0,0,0,0,5/13/2003,5/19/2003,1
20030506,NC,100,0,0,0,0,0,5/6/2003,5/12/2003,1
20030429,NC,100,0,0,0,0,0,4/29/2003,5/5/2003,1
20030422,NC,100,0,0,0,0,0,4/22/2003,4/28/2003,1
20030415,NC,100,0,0,0,0,0,4/15/2003,4/21/2003,1
20030408,NC,100,0,0,0,0,0,4/8/2003,4/14/2003,1
20030401,NC,100,0,0,0,0,0,4/1/2003,4/7/2003,1
20030325,NC,91.84,8.16,0,0,0,0,3/25/2003,3/31/2003,1
20030318,NC,81.44,18.56,0,0,0,0,3/18/2003,3/24/2003,1
20030311,NC,81.03,18.97,0,0,0,0,3/11/2003,3/17/2003,1
20030304,NC,69.98,30.02,0,0,0,0,3/4/2003,3/10/2003,1
20030225,NC,69.75,30.25,0,0,0,0,2/25/2003,3/3/2003,1
20030218,NC,69.91,30.09,0,0,0,0,2/18/2003,2/24/2003,1
20030211,NC,65,35,0,0,0,0,2/11/2003,2/17/2003,1
20030204,NC,72.54,27.46,0,0,0,0,2/4/2003,2/10/2003,1
20030128,NC,79.19,20.81,0,0,0,0,1/28/2003,2/3/2003,1
20030121,NC,80.37,19.63,0,0,0,0,1/21/2003,1/27/2003,1
20030114,NC,79.55,20.45,0,0,0,0,1/14/2003,1/20/2003,1
20030107,NC,79.98,20.02,0,0,0,0,1/7/2003,1/13/2003,1
20021231,NC,80.43,19.57,0,0,0,0,12/31/2002,1/6/2003,1
20021224,NC,70.05,29.95,0,0,0,0,12/24/2002,12/30/2002,1
20021217,NC,69.56,30.44,0.01,0,0,0,12/17/2002,12/23/2002,1
20021210,NC,53.42,46.58,6.76,0,0,0,12/10/2002,12/16/2002,1
20021203,NC,52.51,47.49,10.67,0,0,0,12/3/2002,12/9/2002,1
20021126,NC,52.3,47.7,11.78,0,0,0,11/26/2002,12/2/2002,1
20021119,NC,52.72,47.28,11.79,0,0,0,11/19/2002,11/25/2002,1
20021112,NC,49.94,50.06,26.02,8.14,0,0,11/12/2002,11/18/2002,1
20021105,NC,28.88,71.12,46.93,24.45,0,0,11/5/2002,11/11/2002,1
20021029,NC,15.31,84.69,50.89,32.38,6.31,0,10/29/2002,11/4/2002,1
20021022,NC,16.82,83.18,57.03,35.73,7.73,0,10/22/2002,10/28/2002,1
20021015,NC,19.25,80.75,57.3,39.73,26.04,0,10/15/2002,10/21/2002,1
20021008,NC,0,100,91.82,75.02,55.43,26.18,10/8/2002,10/14/2002,1
20021001,NC,9.47,90.53,79.05,65.2,37.13,13.92,10/1/2002,10/7/2002,1
20020924,NC,10.16,89.84,81.93,56.72,34.98,10.54,9/24/2002,9/30/2002,1
20020917,NC,5.85,94.15,81.93,56.22,37.91,10.22,9/17/2002,9/23/2002,1
20020910,NC,0,100,84.88,58.28,38.72,14.79,9/10/2002,9/16/2002,1
20020903,NC,0,100,84.13,57.2,35.35,12.71,9/3/2002,9/9/2002,1
20020827,NC,0,100,89.23,74.19,47.86,25.79,8/27/2002,9/2/2002,1
20020820,NC,0,100,100,81.86,59.56,33.83,8/20/2002,8/26/2002,1
20020813,NC,0,100,100,82.05,56.72,33.1,8/13/2002,8/19/2002,1
20020806,NC,0,100,99.7,81.73,53.55,30.32,8/6/2002,8/12/2002,1
20020730,NC,0,100,99.23,65.29,43.59,23.31,7/30/2002,8/5/2002,1
20020723,NC,0,100,99.98,94.58,55.03,22.57,7/23/2002,7/29/2002,1
20020716,NC,0,100,99.97,79.03,54.36,22.15,7/16/2002,7/22/2002,1
20020709,NC,0,100,100,80.07,53.93,21.79,7/9/2002,7/15/2002,1
20020702,NC,0,100,100,74.47,51.42,20.65,7/2/2002,7/8/2002,1
20020625,NC,0,100,100,73.86,50.99,19.81,6/25/2002,7/1/2002,1
20020618,NC,0,100,94.15,64.54,41.28,15.25,6/18/2002,6/24/2002,1
20020611,NC,0.02,99.98,88.49,65.89,28.6,0,6/11/2002,6/17/2002,1
20020604,NC,0,100,85.62,61.56,26.23,0,6/4/2002,6/10/2002,1
20020528,NC,0,100,83.63,62.04,24.78,0,5/28/2002,6/3/2002,1
20020521,NC,0.41,99.59,84.57,61.47,24.77,0,5/21/2002,5/27/2002,1
20020514,NC,0.27,99.73,85.46,59.69,24.43,0,5/14/2002,5/20/2002,1
20020507,NC,0.28,99.72,85.37,60.62,26.5,0,5/7/2002,5/13/2002,1
20020430,NC,0,100,91.93,56.76,27.87,0,4/30/2002,5/6/2002,1
20020423,NC,0,100,91.2,55.52,20.41,0,4/23/2002,4/29/2002,1
20020416,NC,0.99,99.01,86.43,55.39,21.55,0,4/16/2002,4/22/2002,1
20020409,NC,0.33,99.67,89.26,55.2,15.02,0,4/9/2002,4/15/2002,1
20020402,NC,0.26,99.74,89.04,54.67,13.98,0,4/2/2002,4/8/2002,1
20020326,NC,0,100,99.58,86.33,22.16,0,3/26/2002,4/1/2002,1
20020319,NC,0,100,99.77,88.11,21.87,0,3/19/2002,3/25/2002,1
20020312,NC,0,100,100,94.08,27.3,0,3/12/2002,3/18/2002,1
20020305,NC,0,100,94.28,67.09,8.01,0,3/5/2002,3/11/2002,1
20020226,NC,0,100,94.12,66.75,7.62,0,2/26/2002,3/4/2002,1
20020219,NC,0,100,90.92,54.92,0.49,0,2/19/2002,2/25/2002,1
20020212,NC,2.67,97.33,90.9,56.14,0.51,0,2/12/2002,2/18/2002,1
20020205,NC,2.91,97.09,93.56,50.22,0.51,0,2/5/2002,2/11/2002,1
20020129,NC,1.45,98.55,93.78,46.22,0,0,1/29/2002,2/4/2002,1
20020122,NC,0,100,99.04,64.97,0,0,1/22/2002,1/28/2002,1
20020115,NC,0,100,100,78.98,0,0,1/15/2002,1/21/2002,1
20020108,NC,0,100,100,85.17,0,0,1/8/2002,1/14/2002,1
20020101,NC,0,100,99.89,88.75,0.03,0,1/1/2002,1/7/2002,1
20011225,NC,0,100,99.79,89.26,0,0,12/25/2001,12/31/2001,1
20011218,NC,0,100,99.79,91.93,0,0,12/18/2001,12/24/2001,1
20011211,NC,0,100,99.97,84.64,0,0,12/11/2001,12/17/2001,1
20011204,NC,0,100,100,100,23.83,0,12/4/2001,12/10/2001,1
20011127,NC,0,100,100,100,0,0,11/27/2001,12/3/2001,1
20011120,NC,0,100,100,100,0,0,11/20/2001,11/26/2001,1
20011113,NC,0,100,100,42.48,0,0,11/13/2001,11/19/2001,1
20011106,NC,0,100,88.97,28.71,0,0,11/6/2001,11/12/2001,1
20011030,NC,0,100,84.06,0.13,0,0,10/30/2001,11/5/2001,1
20011023,NC,0,100,26.83,0,0,0,10/23/2001,10/29/2001,1
20011016,NC,61.78,38.22,12.82,0,0,0,10/16/2001,10/22/2001,1
20011009,NC,59.25,40.75,11.97,0,0,0,10/9/2001,10/15/2001,1
20011002,NC,71.18,28.82,5.31,0,0,0,10/2/2001,10/8/2001,1
20010925,NC,75.09,24.91,5.31,0,0,0,9/25/2001,10/1/2001,1
20010918,NC,69.19,30.81,7.99,3.06,0,0,9/18/2001,9/24/2001,1
20010911,NC,66.57,33.43,7.99,3.06,0,0,9/11/2001,9/17/2001,1
20010904,NC,74.74,25.26,7.99,3.06,0,0,9/4/2001,9/10/2001,1
20010828,NC,70.16,29.84,10.35,4.59,0,0,8/28/2001,9/3/2001,1
20010821,NC,79.37,20.63,8.37,4.21,0,0,8/21/2001,8/27/2001,1
20010814,NC,75.3,24.7,10.05,4.87,0,0,8/14/2001,8/20/2001,1
20010807,NC,62.16,37.84,18.23,5.06,0,0,8/7/2001,8/13/2001,1
20010731,NC,70.88,29.12,15.58,3.18,0,0,7/31/2001,8/6/2001,1
20010724,NC,49.94,50.06,15.58,8.21,3.4,0,7/24/2001,7/30/2001,1
20010717,NC,60.3,39.7,15.58,8.21,3.4,0,7/17/2001,7/23/2001,1
20010710,NC,70.77,29.23,15.58,8.21,3.4,0,7/10/2001,7/16/2001,1
20010703,NC,51.3,48.7,37.95,17.39,7.28,0,7/3/2001,7/9/2001,1
20010626,NC,51.3,48.7,38.03,30.61,14.43,0,6/26/2001,7/2/2001,1
20010619,NC,51.3,48.7,38.03,30.61,20.77,0,6/19/2001,6/25/2001,1
20010612,NC,45.07,54.93,42.08,30.47,19.15,0,6/12/2001,6/18/2001,1
20010605,NC,41.25,58.75,42.08,30.47,18.6,0,6/5/2001,6/11/2001,1
20010529,NC,0,100,53.57,38.74,19.32,0,5/29/2001,6/4/2001,1
20010522,NC,0,100,54.97,42.83,22.59,0,5/22/2001,5/28/2001,1
20010515,NC,0,100,62.27,43.16,23.9,0,5/15/2001,5/21/2001,1
20010508,NC,0,100,62.28,42.68,23.62,0,5/8/2001,5/14/2001,1
20010501,NC,28.89,71.11,48.91,38.26,7.65,0,5/1/2001,5/7/2001,1
20010424,NC,6.9,93.1,48.65,38.57,7.65,0,4/24/2001,4/30/2001,1
20010417,NC,6.84,93.16,48.65,35.27,7.65,0,4/17/2001,4/23/2001,1
20010410,NC,6.84,93.16,48.51,34.54,7.65,0,4/10/2001,4/16/2001,1
20010403,NC,6.89,93.11,48.45,34.54,7.65,0,4/3/2001,4/9/2001,1
20010327,NC,2.49,97.51,61.88,47.51,24.19,0,3/27/2001,4/2/2001,1
20010320,NC,2.39,97.61,74.19,47.51,24.19,0,3/20/2001,3/26/2001,1
20010313,NC,1.76,98.24,71.05,48.14,25.38,0,3/13/2001,3/19/2001,1
20010306,NC,2.66,97.34,71.05,48.18,26.57,0,3/6/2001,3/12/2001,1
20010227,NC,1.15,98.85,71.05,48.61,28.57,0,2/27/2001,3/5/2001,1
20010220,NC,0.06,99.94,71.05,48.35,30.93,0,2/20/2001,2/26/2001,1
20010213,NC,0.97,99.03,71,48.49,26.21,0,2/13/2001,2/19/2001,1
20010206,NC,13.17,86.83,45.24,38.94,11.3,0,2/6/2001,2/12/2001,1
20010130,NC,2.99,97.01,32.71,23.59,0,0,1/30/2001,2/5/2001,1
20010123,NC,48.67,51.33,32.71,23.59,0,0,1/23/2001,1/29/2001,1
20010116,NC,46.14,53.86,36.78,28.67,19.83,0,1/16/2001,1/22/2001,1
20010109,NC,46.93,53.07,36.78,28.67,19.83,0,1/9/2001,1/15/2001,1
20010102,NC,46.93,53.07,36.36,28.09,2.86,0,1/2/2001,1/8/2001,1
20001226,NC,46.93,53.07,36.32,28.09,3,0,12/26/2000,1/1/2001,1
20001219,NC,43.35,56.65,36.32,28.09,2.72,0,12/19/2000,12/25/2000,1
20001212,NC,38.16,61.84,42.86,28.94,13.75,0,12/12/2000,12/18/2000,1
20001205,NC,37.37,62.63,42.86,28.95,6.94,0,12/5/2000,12/11/2000,1
20001128,NC,37.37,62.63,44.34,30.19,6.94,0,11/28/2000,12/4/2000,1
20001121,NC,18.47,81.53,46.15,32.94,22.47,0,11/21/2000,11/27/2000,1
20001114,NC,15.01,84.99,46.9,37.44,25.33,0,11/14/2000,11/20/2000,1
20001107,NC,18.23,81.77,51.38,36.05,31.23,2.66,11/7/2000,11/13/2000,1
20001031,NC,25.92,74.08,51.26,37,31.29,0,10/31/2000,11/6/2000,1
20001024,NC,48.74,51.26,32.42,28.5,11.88,0,10/24/2000,10/30/2000,1
20001017,NC,60.15,39.85,31.72,13.48,0,0,10/17/2000,10/23/2000,1
20001010,NC,79.9,20.1,13.2,0.8,0,0,10/10/2000,10/16/2000,1
20001003,NC,84.57,15.43,4.8,0.8,0,0,10/3/2000,10/9/2000,1
20000926,NC,89.41,10.59,4.8,0.14,0,0,9/26/2000,10/2/2000,1
20000919,NC,72.2,27.8,10.94,1.25,0,0,9/19/2000,9/25/2000,1
20000912,NC,72.2,27.8,10.94,1.25,0,0,9/12/2000,9/18/2000,1
20000905,NC,72.21,27.79,9.35,1.02,0,0,9/5/2000,9/11/2000,1
20000829,NC,66.72,33.28,19.63,7.02,0,0,8/29/2000,9/4/2000,1
20000822,NC,66.54,33.46,19.63,7.03,0,0,8/22/2000,8/28/2000,1
20000815,NC,65.39,34.61,19.42,7.64,0,0,8/15/2000,8/21/2000,1
20000808,NC,61.46,38.54,30.63,15.88,0,0,8/8/2000,8/14/2000,1
20000801,NC,60.06,39.94,32.06,15.78,0.07,0,8/1/2000,8/7/2000,1
20000725,NC,53.41,46.59,33.98,22.93,2.36,0,7/25/2000,7/31/2000,1
20000718,NC,33.42,66.58,45.91,26.81,1.8,0,7/18/2000,7/24/2000,1
20000711,NC,50.63,49.37,36.75,24.19,10.11,0,7/11/2000,7/17/2000,1
20000704,NC,49.8,50.2,36.75,24.2,7.33,0,7/4/2000,7/10/2000,1
20000627,NC,43.57,56.43,40.51,21.19,0,0,6/27/2000,7/3/2000,1
20000620,NC,57.94,42.06,29.87,8.64,0,0,6/20/2000,6/26/2000,1
20000613,NC,56.37,43.63,25.98,2.6,0,0,6/13/2000,6/19/2000,1
20000606,NC,65.99,34.01,2,0,0,0,6/6/2000,6/12/2000,1
20000530,NC,65.8,34.2,1.64,0,0,0,5/30/2000,6/5/2000,1
20000523,NC,75.22,24.78,2.44,0,0,0,5/23/2000,5/29/2000,1
20000516,NC,83.79,16.21,1.44,0,0,0,5/16/2000,5/22/2000,1
20000509,NC,90.65,9.35,1.04,0,0,0,5/9/2000,5/15/2000,1
20000502,NC,89.12,10.88,0.9,0,0,0,5/2/2000,5/8/2000,1
20000425,NC,89.12,10.88,0.9,0,0,0,4/25/2000,5/1/2000,1
20000418,NC,89.65,10.35,0.9,0,0,0,4/18/2000,4/24/2000,1
20000411,NC,65.58,34.42,6.45,0,0,0,4/11/2000,4/17/2000,1
20000404,NC,64.39,35.61,5.92,0,0,0,4/4/2000,4/10/2000,1
20000328,NC,66.14,33.86,18.49,0,0,0,3/28/2000,4/3/2000,1
20000321,NC,63.47,36.53,21.36,0,0,0,3/21/2000,3/27/2000,1
20000314,NC,63.47,36.53,21.36,0,0,0,3/14/2000,3/20/2000,1
20000307,NC,63.91,36.09,21.36,0,0,0,3/7/2000,3/13/2000,1
20000229,NC,74.1,25.9,8.37,0,0,0,2/29/2000,3/6/2000,1
20000222,NC,93.08,6.92,0.87,0,0,0,2/22/2000,2/28/2000,1
20000215,NC,92.56,7.44,1.28,0,0,0,2/15/2000,2/21/2000,1
20000208,NC,88.35,11.65,1.28,0,0,0,2/8/2000,2/14/2000,1
20000201,NC,88.35,11.65,1.09,0,0,0,2/1/2000,2/7/2000,1
20000125,NC,76.75,23.25,8.13,0,0,0,1/25/2000,1/31/2000,1
20000118,NC,59.46,40.54,12.14,0,0,0,1/18/2000,1/24/2000,1
20000111,NC,59.84,40.16,12.14,0,0,0,1/11/2000,1/17/2000,1
20000104,NC,55.69,44.31,20.13,0,0,0,1/4/2000,1/10/2000,1
